,2012/12/31_Cbulk,2013/12/31_Cbulk,
   9000284,    0.56203E-10,    0.24768E-09,
   9000286,    0.39213E-09,    0.13368E-08,
   9000812,    0.19947E-09,    0.11966E-09,
   9000815,    0.86961E-09,    0.63349E-09,
   9000851,    0.17411E-09,    0.94353E-09,
   9000852,    0.58138E-10,    0.33177E-09,
   9000854,    0.67290E-10,    0.18300E-09,
   9000976,    0.25712E-10,    0.83419E-10,
   9001235,    0.79288E-11,    0.28889E-10,
   9500211,    0.81801E-11,    0.14871E-10,
   9500217,    0.13750E-10,    0.19897E-10,
   9500233,    0.70186E-10,    0.12290E-09,
   9500236,    0.85497E-11,    0.30101E-10,
   9500239,    0.42758E-09,    0.13467E-08,
   9500242,    0.21385E-09,    0.81274E-09,
   9500243,    0.59377E-09,    0.48990E-09,
   9500245,    0.48594E-10,    0.83540E-10,
   9500247,    0.20781E-09,    0.31682E-09,
   9500248,    0.66693E-10,    0.35090E-09,
   9500256,    0.19946E-10,    0.56966E-10,
   9500266,    0.10531E-08,    0.91440E-09,
   9500267,    0.10505E-11,    0.37767E-11,
   9500268,    0.80741E-10,    0.19091E-09,
   9500269,    0.13675E-10,    0.42484E-10,
   9500272,    0.82519E-11,    0.21587E-10,
   9500273,    0.13375E-10,    0.10386E-10,
   9500274,    0.50249E-11,    0.35060E-11,
   9500275,    0.28333E-12,    0.70906E-12,
   9500278,    0.16111E-09,    0.76416E-09,
   9500279,    0.18909E-10,    0.49013E-10,
   9500280,    0.28283E-10,    0.69187E-10,
   9500281,    0.18570E-09,    0.63105E-09,
   9500282,    0.69673E-10,    0.20396E-09,
   9500285,    0.44144E-10,    0.17691E-09,
   9500291,    0.55480E-10,    0.20455E-09,
   9500296,    0.20557E-10,    0.10791E-09,
   9500320,    0.33081E-10,    0.11986E-09,
   9500414,    0.10389E-10,    0.33123E-10,
   9500416,    0.26494E-08,    0.11997E-07,
   9500417,    0.11003E-09,    0.43836E-09,
   9500426,    0.45477E-11,    0.67487E-11,
   9500853,    0.84461E-11,    0.18198E-10,
   9502855,    0.28537E-09,    0.43622E-09,
   9502868,    0.22857E-10,    0.51378E-10,
   9502870,    0.30931E-10,    0.43480E-10,
   9502877,    0.40000E-10,    0.58795E-10,
   9502914,    0.69270E-10,    0.11659E-09,
   9502917,    0.48094E-10,    0.53619E-10,
   9502933,    0.44009E-10,    0.37719E-10,
   9502953,    0.56992E-10,    0.88173E-10,
   9502955,    0.10319E-10,    0.26974E-10,
   9502957,    0.12123E-09,    0.21086E-09,
   9502959,    0.31844E-10,    0.50807E-10,
   9502967,    0.25441E-10,    0.42654E-10,
   9502978,    0.50025E-10,    0.34198E-10,
   9503015,    0.33872E-10,    0.63782E-10,
   9503019,    0.24329E-10,    0.38210E-10,
   9503057,    0.35816E-10,    0.69576E-10,
   9503075,    0.16076E-09,    0.26429E-09,
   9503077,    0.15571E-10,    0.30673E-10,
   9503079,    0.47010E-10,    0.78896E-10,
   9503128,    0.26102E-09,    0.39391E-09,
   9503130,    0.51201E-10,    0.60778E-10,
   9503140,    0.56631E-10,    0.11266E-09,
   9503145,    0.16254E-10,    0.26770E-10,
   9503172,    0.11997E-10,    0.31600E-10,
   9503183,    0.24109E-09,    0.43535E-09,
   9503196,    0.17778E-10,    0.42867E-10,
   9503259,    0.16888E-10,    0.24457E-10,
   9503261,    0.66025E-10,    0.11448E-09,
   9503269,    0.33539E-10,    0.53346E-10,
   9503339,    0.15143E-09,    0.22167E-09,
   9503391,    0.38552E-09,    0.17484E-08,
   9503410,    0.19664E-09,    0.32527E-09,
   9503419,    0.11371E-08,    0.10970E-08,
   9503423,    0.26974E-09,    0.83972E-09,
   9503432,    0.28437E-09,    0.51175E-09,
   9503433,    0.13944E-08,    0.17390E-08,
   9503435,    0.32714E-09,    0.12460E-08,
   9503515,    0.72335E-09,    0.83180E-09,
   9503560,    0.39897E-10,    0.69370E-10,
   9503713,    0.36373E-09,    0.12604E-08,
   9503733,    0.22781E-09,    0.31104E-09,
   9503756,    0.49844E-10,    0.10165E-09,
   9503807,    0.34855E-10,    0.76307E-10,
   9503839,    0.20186E-10,    0.52661E-10,
   9503971,    0.73670E-10,    0.15432E-09,
   9504120,    0.24122E-11,    0.94157E-11,
   9504157,    0.69320E-10,    0.18108E-09,
   9504158,    0.24587E-10,    0.44637E-10,
   9504193,    0.33445E-10,    0.78815E-10,
   9504221,    0.24144E-10,    0.54343E-10,
   9504289,    0.17414E-10,    0.16039E-10,
   9504332,    0.12246E-10,    0.88533E-11,
   9504367,    0.50586E-10,    0.42419E-10,
   9504375,    0.27051E-10,    0.24130E-10,
   9504406,    0.41385E-10,    0.63840E-10,
   9504414,    0.13465E-10,    0.11698E-10,
   9504466,    0.19302E-10,    0.15538E-10,
   9504496,    0.37811E-10,    0.61531E-10,
   9504525,    0.27247E-10,    0.24526E-10,
   9504549,    0.71091E-11,    0.99329E-11,
   9504559,    0.30622E-10,    0.49961E-10,
   9504570,    0.13646E-10,    0.14402E-10,
   9504633,    0.40415E-10,    0.57777E-10,
   9504663,    0.31007E-10,    0.19413E-10,
   9504683,    0.14814E-10,    0.16074E-10,
   9504703,    0.21169E-10,    0.50030E-10,
   9507390,    0.28248E-09,    0.43432E-09,
   9508545,    0.76904E-09,    0.11903E-08,
   9508684,    0.10288E-08,    0.16109E-08,
   9516947,    0.66963E-09,    0.66139E-09,
   9516981,    0.59900E-10,    0.11633E-09,
   9517001,    0.12893E-09,    0.23942E-09,
   9517019,    0.62129E-10,    0.12017E-09,
   9517023,    0.14509E-09,    0.15264E-09,
   9517037,    0.10092E-09,    0.10171E-09,
   9517056,    0.12621E-08,    0.10942E-08,
   9517064,    0.18396E-09,    0.34139E-09,
   9517071,    0.46049E-10,    0.10940E-09,
   9517106,    0.29841E-10,    0.79097E-10,
   9517115,    0.20184E-09,    0.35081E-09,
   9517146,    0.52171E-09,    0.83159E-09,
   9517150,    0.51879E-10,    0.96411E-10,
   9517159,    0.12123E-09,    0.12361E-09,
   9517169,    0.10847E-09,    0.17054E-09,
   9517171,    0.73713E-10,    0.93053E-10,
   9517176,    0.96590E-10,    0.19149E-09,
   9517190,    0.24198E-09,    0.40616E-09,
   9517216,    0.30748E-09,    0.72944E-09,
   9517224,    0.68428E-10,    0.14296E-09,
   9517231,    0.92318E-10,    0.34808E-09,
   9517232,    0.96460E-10,    0.17123E-09,
   9517236,    0.37721E-10,    0.85900E-10,
   9517249,    0.11567E-09,    0.23653E-09,
   9517251,    0.15877E-09,    0.19917E-09,
   9517269,    0.54975E-10,    0.88050E-10,
   9517303,    0.21441E-09,    0.28022E-09,
   9517306,    0.12001E-09,    0.31807E-09,
   9517335,    0.14913E-09,    0.22987E-09,
   9517353,    0.78124E-10,    0.17246E-09,
   9517376,    0.53688E-10,    0.11308E-09,
   9517377,    0.95702E-10,    0.36573E-09,
   9517380,    0.34140E-10,    0.60811E-10,
   9517383,    0.50661E-10,    0.10700E-09,
   9517388,    0.17348E-09,    0.18060E-09,
   9517411,    0.48721E-10,    0.10266E-09,
   9517415,    0.11910E-09,    0.20319E-09,
   9517422,    0.31417E-08,    0.53655E-08,
   9517432,    0.35985E-10,    0.68212E-10,
   9517435,    0.16964E-09,    0.40227E-09,
   9517446,    0.72975E-10,    0.11025E-09,
   9517457,    0.24676E-09,    0.29918E-09,
   9517459,    0.49835E-09,    0.11578E-08,
   9517460,    0.86125E-09,    0.48130E-08,
   9517471,    0.84224E-09,    0.46203E-08,
   9517477,    0.18434E-09,    0.20588E-09,
   9517481,    0.29886E-09,    0.23855E-08,
   9517496,    0.12785E-09,    0.18693E-09,
   9517498,    0.64045E-08,    0.84536E-08,
   9517510,    0.25011E-08,    0.12096E-07,
   9517518,    0.22277E-09,    0.33989E-09,
   9517522,    0.98849E-08,    0.11579E-07,
   9517525,    0.96964E-10,    0.38296E-09,
   9517526,    0.55766E-10,    0.12999E-09,
   9517543,    0.29250E-09,    0.87014E-09,
   9517548,    0.13708E-09,    0.40475E-09,
   9517551,    0.21253E-08,    0.51053E-08,
   9517556,    0.23430E-09,    0.25666E-09,
   9517587,    0.34724E-09,    0.30640E-08,
   9517601,    0.39323E-08,    0.87414E-08,
   9517610,    0.14693E-09,    0.56984E-09,
   9517614,    0.29273E-09,    0.25968E-09,
   9517616,    0.71429E-10,    0.11404E-09,
   9517624,    0.24942E-09,    0.45368E-09,
   9517627,    0.17375E-07,    0.18664E-07,
   9517661,    0.42026E-08,    0.12409E-07,
   9517673,    0.60130E-10,    0.23344E-09,
   9517677,    0.26638E-08,    0.10916E-07,
   9517681,    0.47756E-10,    0.11203E-09,
   9517682,    0.30924E-08,    0.74024E-08,
   9517683,    0.82015E-10,    0.23727E-09,
   9517710,    0.28839E-08,    0.10568E-07,
   9517712,    0.31137E-10,    0.93383E-10,
   9517715,    0.28182E-09,    0.41923E-09,
   9517724,    0.23988E-09,    0.72042E-09,
   9517726,    0.50746E-09,    0.18048E-08,
   9517730,    0.14570E-09,    0.41005E-09,
   9517737,    0.40870E-09,    0.30816E-08,
   9517744,    0.88917E-10,    0.16736E-09,
   9517746,    0.31796E-09,    0.55414E-08,
   9517764,    0.56636E-10,    0.11821E-09,
   9517775,    0.35594E-09,    0.50713E-08,
   9517776,    0.17169E-08,    0.99309E-09,
   9517782,    0.79669E-10,    0.16208E-09,
   9517787,    0.59452E-10,    0.18269E-09,
   9517788,    0.60506E-10,    0.17961E-09,
   9517790,    0.36643E-08,    0.15977E-07,
   9517793,    0.10129E-08,    0.99437E-08,
   9517803,    0.24019E-09,    0.47607E-09,
   9517810,    0.33573E-10,    0.81369E-10,
   9517822,    0.31309E-08,    0.13178E-07,
   9517848,    0.22594E-09,    0.35264E-09,
   9517850,    0.58174E-09,    0.42211E-09,
   9517857,    0.15398E-09,    0.33691E-09,
   9517860,    0.13007E-07,    0.14721E-07,
   9517876,    0.75715E-09,    0.88945E-09,
   9517883,    0.51622E-10,    0.79147E-10,
   9517895,    0.10751E-08,    0.85044E-08,
   9517898,    0.19818E-08,    0.10525E-08,
   9517899,    0.36040E-09,    0.14553E-08,
   9517909,    0.47079E-09,    0.63280E-09,
   9517915,    0.36470E-08,    0.16638E-08,
   9517929,    0.18117E-09,    0.59490E-09,
   9517942,    0.19026E-10,    0.55967E-10,
   9517956,    0.35915E-10,    0.63509E-10,
   9517961,    0.52377E-10,    0.18825E-09,
   9517963,    0.10050E-09,    0.33401E-09,
   9517965,    0.42448E-09,    0.34061E-08,
   9517985,    0.14990E-10,    0.55266E-10,
   9518010,    0.72485E-10,    0.49504E-10,
   9518025,    0.14248E-09,    0.72300E-09,
   9518030,    0.11898E-09,    0.41212E-09,
   9518036,    0.51067E-11,    0.16575E-10,
   9518052,    0.41937E-09,    0.13659E-09,
   9518054,    0.28523E-08,    0.39197E-08,
   9518062,    0.10152E-08,    0.98616E-09,
   9518073,    0.81803E-09,    0.37640E-09,
   9518082,    0.73525E-10,    0.24494E-09,
   9518086,    0.22805E-10,    0.72221E-10,
   9518092,    0.89874E-10,    0.35941E-09,
   9518101,    0.18130E-09,    0.40538E-09,
   9518116,    0.81531E-11,    0.22002E-10,
   9518119,    0.96937E-10,    0.35840E-09,
   9518120,    0.66320E-10,    0.20270E-09,
   9518122,    0.58580E-10,    0.23851E-09,
   9518128,    0.17176E-09,    0.53877E-09,
   9518130,    0.22520E-09,    0.44899E-09,
   9518136,    0.14892E-09,    0.48780E-09,
   9518142,    0.18593E-10,    0.45160E-10,
   9518166,    0.26793E-10,    0.56112E-10,
   9518174,    0.21802E-10,    0.49409E-10,
   9518192,    0.56906E-10,    0.10885E-09,
   9518205,    0.14839E-08,    0.12527E-08,
   9518210,    0.41899E-10,    0.86469E-10,
   9518212,    0.11342E-10,    0.42070E-10,
   9518218,    0.57468E-10,    0.11601E-09,
   9518219,    0.13568E-09,    0.47377E-09,
   9518244,    0.30614E-09,    0.22965E-09,
   9518249,    0.56402E-10,    0.19119E-09,
   9518255,    0.25686E-11,    0.63672E-11,
   9518267,    0.92061E-09,    0.45874E-09,
   9518272,    0.66205E-11,    0.23157E-10,
   9518281,    0.20923E-08,    0.30236E-08,
   9518296,    0.24261E-09,    0.97877E-09,
   9518328,    0.11745E-09,    0.33924E-09,
   9518365,    0.20922E-09,    0.20867E-08,
   9518400,    0.18174E-10,    0.27669E-10,
   9518403,    0.52994E-11,    0.42952E-11,
   9518406,    0.73111E-11,    0.24179E-10,
   9518414,    0.89679E-12,    0.29550E-11,
   9518438,    0.12329E-10,    0.19071E-10,
   9518450,    0.15036E-10,    0.52098E-10,
   9518457,    0.60961E-10,    0.13699E-09,
   9518461,    0.25282E-09,    0.19635E-09,
   9518480,    0.25269E-09,    0.35555E-09,
   9518495,    0.24699E-09,    0.36137E-09,
   9518542,    0.44151E-11,    0.36957E-11,
   9518587,    0.27263E-09,    0.67590E-09,
   9518591,    0.15749E-10,    0.18624E-10,
   9518646,    0.32123E-10,    0.15762E-09,
   9518667,    0.93172E-10,    0.74857E-10,
   9518688,    0.62464E-10,    0.92649E-10,
   9518701,    0.24954E-09,    0.23726E-09,
   9518738,    0.11461E-09,    0.25288E-09,
   9518739,    0.97821E-10,    0.38755E-09,
   9518758,    0.12398E-09,    0.14506E-09,
   9518778,    0.10735E-10,    0.54152E-10,
   9518824,    0.36180E-11,    0.63593E-11,
   9590917,    0.16255E-10,    0.67038E-11,
   9590926,    0.31465E-10,    0.29118E-09,
   9591036,    0.47704E-09,    0.22171E-09,
   9591060,    0.14106E-10,    0.89221E-11,
   9591063,    0.46338E-10,    0.34602E-09,
   9591075,    0.71839E-11,    0.44462E-10,
   9591095,    0.92755E-10,    0.31049E-09,
   9591125,    0.25079E-10,    0.21411E-09,
   9591204,    0.65721E-10,    0.49756E-09,
   9591230,    0.10136E-09,    0.88704E-09,
   9591754,    0.15381E-09,    0.14545E-09,
   9591993,    0.25436E-10,    0.13827E-10,
   9592117,    0.46250E-10,    0.46080E-10,
   9592146,    0.34115E-10,    0.13273E-10,
   9592149,    0.34906E-09,    0.28120E-09,
   9592778,    0.14391E-09,    0.37437E-09,
   9592782,    0.34507E-10,    0.15144E-09,
   9592785,    0.59761E-10,    0.19376E-09,
   9592789,    0.30263E-10,    0.22198E-09,
   9592805,    0.72522E-10,    0.39152E-09,
   9592810,    0.19800E-10,    0.73874E-10,
   9592815,    0.51278E-10,    0.21598E-09,
   9592819,    0.69459E-10,    0.24365E-09,
   9592867,    0.10164E-09,    0.35851E-09,
   9592881,    0.24057E-10,    0.12521E-09,
   9592882,    0.36279E-10,    0.14483E-09,
   9592889,    0.10785E-09,    0.50569E-09,
   9592894,    0.10669E-09,    0.47791E-09,
   9592907,    0.36097E-10,    0.11850E-09,
   9592911,    0.16978E-10,    0.86305E-10,
   9592923,    0.50004E-10,    0.20990E-09,
   9592930,    0.37116E-10,    0.86130E-10,
   9592953,    0.12625E-09,    0.67257E-09,
   9592959,    0.22290E-10,    0.86600E-10,
   9592981,    0.35006E-10,    0.13939E-09,
   9593006,    0.59834E-10,    0.28491E-09,
   9593007,    0.14273E-10,    0.63760E-10,
   9593010,    0.18412E-10,    0.69464E-10,
   9593032,    0.87361E-10,    0.30447E-09,
   9593044,    0.57060E-10,    0.30842E-09,
   9593048,    0.39072E-10,    0.17963E-09,
   9593056,    0.53460E-10,    0.37860E-09,
   9593062,    0.25312E-10,    0.57254E-10,
   9593065,    0.12734E-09,    0.63413E-09,
   9593068,    0.10862E-09,    0.50688E-09,
   9593073,    0.98989E-10,    0.52953E-09,
   9593082,    0.58343E-10,    0.24723E-09,
   9593086,    0.31946E-10,    0.12116E-09,
   9593103,    0.42360E-10,    0.48456E-09,
   9593120,    0.54853E-10,    0.24782E-09,
   9593135,    0.31124E-10,    0.16025E-09,
   9593141,    0.38216E-10,    0.23593E-09,
   9593152,    0.31820E-10,    0.15884E-09,
   9593158,    0.38432E-10,    0.14337E-09,
   9593164,    0.19160E-10,    0.70111E-10,
   9593191,    0.11311E-09,    0.39592E-09,
   9593199,    0.25951E-10,    0.10760E-09,
   9593210,    0.32966E-10,    0.16185E-09,
   9593218,    0.26559E-10,    0.10581E-09,
   9593227,    0.22273E-10,    0.10036E-09,
   9593229,    0.57087E-10,    0.27667E-09,
   9593239,    0.28240E-10,    0.14871E-09,
   9593248,    0.16272E-09,    0.60198E-09,
   9593249,    0.21033E-10,    0.86269E-10,
   9705969,    0.12585E-10,    0.26375E-10,
   9518318,    0.96564E-10,    0.31529E-09,
   9517173,    0.25781E-09,    0.37433E-09,
   9000979,    0.59430E-11,    0.21376E-10,
   9592035,    0.18739E-09,    0.17401E-09,
   9518458,    0.23252E-10,    0.79584E-11,
   9503911,    0.34749E-10,    0.95423E-10,
   9592791,    0.18010E-10,    0.69983E-10,
   9517923,    0.17705E-09,    0.53643E-09,
   9518425,    0.10388E-09,    0.15746E-09,
   9518550,    0.65195E-11,    0.17631E-10,
   9591822,    0.17360E-09,    0.16222E-09,
   9500295,    0.48488E-10,    0.18169E-09,
   9500603,    0.30448E-10,    0.33560E-10,
   9517926,    0.99955E-10,    0.36736E-09,
   9500238,    0.22626E-09,    0.32450E-09,
   9503136,    0.95557E-11,    0.18118E-10,
   9000809,    0.19228E-09,    0.10898E-09,
   9593089,    0.50814E-10,    0.12096E-09,
   9500499,    0.61060E-10,    0.88237E-10,
   9500287,    0.88529E-10,    0.24544E-09,
   9592998,    0.69161E-10,    0.24350E-09,
   9517971,    0.33024E-08,    0.56234E-08,
   9500409,    0.12530E-09,    0.37764E-09,
   9500262,    0.10490E-08,    0.10475E-08,
   9517004,    0.23096E-09,    0.32726E-09,
   9517689,    0.37954E-09,    0.68984E-09,
   9000813,    0.87021E-09,    0.44728E-09,
   9500258,    0.21260E-10,    0.74421E-10,
   9517080,    0.74528E-10,    0.12626E-09,
   9517951,    0.74010E-10,    0.19907E-09,
   9518112,    0.28898E-10,    0.85804E-10,
   9500283,    0.95333E-10,    0.35083E-09,
   9592903,    0.56501E-10,    0.29703E-09,
   9000850,    0.65388E-10,    0.16957E-09,
   9500276,    0.93226E-10,    0.34314E-09,
   9592840,    0.65508E-10,    0.33069E-09,
   9000980,    0.55188E-11,    0.18469E-10,
   9500277,    0.14083E-10,    0.42278E-10,
   9503678,    0.33698E-09,    0.55987E-09,
   9001234,    0.13332E-10,    0.53386E-10,
   9518292,    0.15011E-10,    0.45396E-10,
   9517825,    0.16998E-09,    0.43429E-09,
   9593225,    0.10283E-09,    0.38332E-09,
   9504555,    0.28916E-10,    0.27075E-10,
   9500410,    0.27423E-10,    0.26014E-10,
   9504039,    0.34863E-10,    0.76351E-10,
   9500284,    0.28762E-08,    0.12741E-07,
   9518452,    0.26032E-10,    0.24913E-10,
   9518124,    0.11025E-09,    0.98973E-10,
   9500255,    0.14547E-10,    0.44468E-10,
   9500213,    0.15541E-10,    0.21795E-10,
   9517479,    0.10829E-09,    0.15641E-09,
   9517816,    0.66583E-10,    0.10975E-09,
   9592784,    0.50461E-10,    0.13937E-09,
   9517785,    0.66419E-10,    0.95177E-10,
   9500294,    0.65636E-10,    0.23640E-09,
   9517493,    0.14475E-09,    0.51762E-09,
   9000978,    0.16583E-10,    0.49636E-10,
   9518072,    0.10672E-09,    0.38624E-09,
   9517402,    0.93964E-10,    0.16604E-09,
   9518590,    0.83295E-11,    0.22911E-10,
   9592868,    0.51224E-10,    0.12054E-09,
   9517855,    0.90919E-10,    0.24199E-09,
   9517777,    0.83366E-10,    0.28981E-09,
   9500264,    0.87089E-09,    0.52000E-09,
   9517049,    0.74450E-10,    0.13356E-09,
   9504560,    0.51747E-10,    0.75415E-10,
   9518570,    0.40690E-10,    0.12374E-09,
   9503062,    0.32626E-10,    0.61744E-10,
   9593223,    0.18057E-10,    0.63299E-10,
   9593052,    0.11176E-09,    0.22337E-09,
   9517948,    0.72749E-10,    0.19879E-09,
   9517534,    0.28919E-08,    0.86778E-08,
   9518497,    0.17036E-10,    0.35587E-10,
   9517447,    0.29229E-08,    0.77980E-08,
   9503380,    0.16655E-08,    0.19027E-08,
   9517881,    0.24920E-08,    0.96256E-08,
   9500254,    0.54701E-10,    0.10583E-09,
   9503244,    0.11422E-10,    0.29384E-10,
   9518640,    0.27872E-10,    0.66715E-10,
   9517606,    0.31897E-10,    0.92786E-10,
   9517729,    0.92276E-10,    0.23262E-09,
   9591828,    0.29362E-09,    0.27317E-09,
   9517705,    0.26698E-09,    0.45533E-09,
   9517697,    0.30930E-08,    0.59974E-08,
   9518577,    0.25869E-10,    0.10642E-10,
   9518332,    0.75221E-10,    0.25836E-09,
   9503061,    0.38894E-10,    0.64807E-10,
   9518179,    0.59870E-10,    0.14095E-09,
   9504337,    0.14064E-10,    0.13172E-10,
   9517812,    0.25274E-08,    0.73867E-08,
   9518105,    0.67841E-10,    0.20208E-09,
   9518732,    0.31255E-10,    0.42037E-10,
   9503800,    0.28167E-10,    0.72632E-10,
   9518358,    0.12567E-09,    0.37782E-09,
   9517602,    0.88706E-10,    0.16457E-09,
   9517798,    0.88090E-10,    0.27238E-09,
   9517585,    0.14866E-09,    0.57910E-09,
   9500261,    0.84100E-09,    0.43031E-09,
   9518535,    0.44822E-11,    0.14262E-10,
   9593033,    0.46056E-10,    0.19088E-09,
   9591133,    0.68253E-10,    0.45396E-09,
   9500246,    0.39575E-10,    0.93813E-10,
   9504353,    0.31294E-10,    0.28502E-10,
   9503199,    0.39779E-10,    0.57928E-10,
   9000917,    0.28440E-10,    0.21938E-09,
   9504667,    0.13524E-10,    0.16306E-10,
   9517680,    0.42578E-08,    0.15990E-07,
   9518044,    0.31604E-09,    0.20024E-09,
   9517636,    0.38973E-09,    0.32671E-08,
   9517289,    0.82309E-10,    0.12335E-09,
   9500439,    0.24248E-10,    0.24122E-10,
   9518043,    0.12939E-08,    0.15486E-08,
   9517853,    0.10936E-09,    0.16016E-09,
   9593213,    0.58792E-10,    0.24556E-09,
   9518676,    0.10496E-09,    0.14788E-09,
   9518257,    0.47058E-10,    0.11006E-09,
   9593174,    0.30810E-10,    0.12005E-09,
   9593219,    0.34926E-10,    0.11236E-09,
   9502925,    0.46483E-10,    0.42245E-10,
   9518276,    0.63539E-09,    0.12240E-08,
   9503453,    0.29196E-09,    0.44588E-09,
   9518015,    0.12382E-10,    0.36127E-10,
   9592893,    0.61612E-10,    0.30066E-09,
   9502863,    0.16556E-09,    0.24558E-09,
   9592147,    0.14166E-09,    0.66922E-10,
   9500394,    0.22483E-09,    0.17731E-09,
   9504225,    0.44359E-10,    0.39400E-10,
   9591171,    0.43632E-10,    0.72507E-10,
   9503131,    0.11165E-09,    0.18106E-09,
   9500251,    0.64491E-10,    0.13440E-09,
   9517317,    0.14979E-09,    0.23352E-09,
   9516959,    0.95117E-10,    0.16519E-09,
   9517058,    0.48677E-10,    0.96108E-10,
   9518190,    0.15389E-09,    0.15065E-09,
   9500290,    0.22444E-10,    0.23653E-10,
   9517110,    0.10674E-09,    0.22905E-09,
   9501276,    0.78389E-11,    0.98826E-11,
   9517078,    0.17887E-09,    0.26196E-09,
   9592979,    0.23310E-10,    0.74239E-10,
   9518478,    0.10909E-09,    0.98634E-10,
   9500244,    0.19571E-09,    0.19096E-09,
   9518000,    0.68787E-10,    0.41666E-09,
   9517102,    0.57425E-10,    0.13151E-09,
   9503181,    0.20892E-10,    0.28973E-10,
   9593226,    0.51747E-10,    0.19535E-09,
   9503422,    0.33120E-09,    0.10485E-08,
   9503091,    0.47866E-10,    0.64741E-10,
   9516979,    0.11743E-09,    0.12911E-09,
   9502864,    0.19057E-10,    0.34469E-10,
   9504502,    0.22970E-10,    0.25050E-10,
   9593084,    0.24919E-10,    0.11826E-09,
   9503288,    0.14245E-10,    0.30146E-10,
   9518231,    0.58357E-09,    0.39283E-09,
   9592969,    0.10509E-09,    0.38258E-09,
   9517020,    0.60819E-10,    0.13871E-09,
   9592908,    0.18931E-09,    0.72060E-09,
   9517184,    0.94503E-10,    0.21976E-09,
   9593198,    0.59261E-10,    0.19463E-09,
   9517000,    0.11771E-09,    0.24645E-09,
   9593131,    0.37124E-10,    0.11901E-09,
   9503011,    0.42623E-10,    0.58789E-10,
   9517692,    0.21939E-09,    0.50705E-09,
   9593015,    0.59236E-10,    0.17911E-09,
   9518708,    0.43597E-10,    0.13216E-09,
   9517993,    0.12960E-10,    0.37762E-10,
   9592997,    0.37581E-10,    0.15218E-09,
   9504583,    0.25323E-10,    0.29215E-10,
   9504577,    0.32584E-10,    0.32051E-10,
   9592901,    0.25221E-10,    0.74602E-10,
   9518335,    0.24408E-10,    0.71648E-10,
   9503254,    0.43974E-10,    0.59847E-10,
   9592938,    0.59816E-10,    0.24565E-09,
   9517654,    0.17463E-09,    0.23991E-09,
   9503242,    0.63970E-10,    0.93326E-10,
   9517657,    0.42522E-10,    0.12964E-09,
   9591199,    0.12902E-09,    0.51020E-10,
   9517129,    0.51459E-10,    0.10319E-09,
   9517768,    0.66103E-09,    0.60077E-09,
   9504277,    0.17489E-10,    0.20945E-10,
   9518144,    0.67220E-10,    0.20864E-09,
   9503189,    0.10960E-09,    0.16703E-09,
   9518234,    0.73775E-10,    0.17232E-09,
   9518825,    0.69437E-11,    0.20109E-10,
   9517540,    0.81688E-10,    0.13327E-09,
   9592834,    0.10090E-09,    0.29677E-09,
   9518310,    0.10979E-09,    0.34845E-09,
   9500259,    0.59359E-09,    0.40666E-09,
   9518051,    0.67333E-10,    0.20934E-09,
   9518710,    0.27335E-10,    0.50170E-10,
   9518088,    0.17396E-08,    0.18289E-08,
   9503345,    0.36432E-09,    0.96309E-09,
   9518496,    0.21223E-10,    0.49787E-10,
   9500250,    0.10553E-09,    0.15186E-09,
   9517763,    0.55029E-10,    0.19110E-09,
   9518821,    0.65849E-10,    0.62862E-10,
   9517394,    0.87562E-10,    0.20294E-09,
   9592940,    0.65283E-10,    0.17533E-09,
   9518474,    0.50580E-10,    0.54633E-10,
   9503167,    0.51166E-10,    0.53059E-10,
   9593142,    0.29042E-10,    0.13789E-09,
   9504475,    0.22135E-10,    0.28331E-10,
   9500249,    0.98139E-10,    0.13914E-09,
   9500847,    0.30302E-10,    0.41832E-10,
   9500623,    0.45018E-10,    0.51439E-10,
   9517590,    0.75421E-10,    0.11758E-09,
   9593027,    0.41826E-10,    0.12497E-09,
   9517659,    0.14515E-09,    0.49235E-09,
   9517516,    0.79620E-10,    0.12317E-09,
   9517646,    0.43063E-10,    0.13541E-09,
   9503702,    0.37381E-09,    0.69117E-09,
   9593112,    0.31566E-10,    0.13480E-09,
   9518146,    0.36512E-10,    0.12118E-09,
   9518104,    0.61578E-09,    0.46363E-09,
   9518447,    0.82798E-10,    0.45142E-10,
   9518194,    0.72959E-10,    0.17838E-09,
   9503260,    0.12116E-09,    0.18505E-09,
   9517745,    0.11487E-08,    0.22722E-08,
   9504188,    0.31136E-10,    0.42911E-10,
   9592841,    0.16442E-09,    0.54310E-09,
   9504380,    0.25164E-10,    0.31749E-10,
   9517234,    0.13260E-09,    0.16099E-09,
   9502995,    0.50937E-10,    0.53758E-10,
   9517474,    0.42003E-10,    0.12029E-09,
   9504510,    0.30381E-10,    0.35673E-10,
   9517966,    0.25182E-09,    0.29920E-09,
   9517373,    0.98664E-10,    0.15017E-09,
   9518360,    0.75109E-10,    0.24353E-09,
   9517469,    0.60293E-10,    0.20100E-09,
   9517343,    0.81918E-10,    0.15084E-09,
   9517667,    0.17682E-09,    0.57989E-09,
   9517148,    0.11213E-09,    0.20121E-09,
   9518094,    0.61726E-09,    0.47251E-09,
   9502946,    0.51803E-10,    0.55194E-10,
   9518408,    0.50088E-10,    0.64483E-10,
   9517166,    0.11576E-09,    0.19854E-09,
   9517414,    0.86552E-10,    0.15545E-09,
   9504690,    0.26843E-10,    0.35784E-10,
   9517012,    0.11380E-09,    0.18277E-09,
   9518229,    0.66448E-09,    0.54031E-09,
   9593201,    0.30073E-10,    0.11763E-09,
   9500232,    0.34645E-10,    0.41657E-10,
   9503220,    0.60429E-10,    0.10736E-09,
   9501334,    0.15486E-09,    0.16871E-09,
   9517771,    0.17701E-09,    0.57738E-09,
   9592788,    0.16298E-09,    0.50373E-09,
   9593096,    0.16863E-09,    0.46978E-09,
   9518325,    0.19213E-09,    0.30485E-09,
   9517944,    0.88022E-10,    0.28542E-09,
   9504470,    0.26784E-10,    0.30862E-10,
   9517054,    0.17389E-09,    0.20320E-09,
   9592854,    0.52134E-10,    0.14950E-09,
   9500161,    0.16697E-10,    0.18985E-10,
   9516968,    0.15508E-09,    0.27738E-09,
   9592768,    0.52754E-10,    0.14041E-09,
   9592790,    0.50971E-10,    0.11591E-09,
   9517331,    0.19480E-09,    0.22471E-09,
   9518626,    0.34688E-10,    0.78718E-10,
   9504409,    0.58248E-10,    0.75217E-10,
   9517912,    0.64680E-09,    0.53271E-09,
   9518698,    0.71207E-10,    0.10955E-09,
   9593045,    0.27664E-10,    0.96191E-10,
   9517483,    0.11699E-09,    0.17090E-09,
   9517630,    0.11827E-09,    0.17149E-09,
   9518302,    0.10896E-09,    0.34904E-09,
   9504417,    0.61846E-10,    0.83466E-10,
   9503578,    0.11820E-09,    0.20995E-09,
   9000849,    0.60726E-10,    0.16034E-09,
   9517136,    0.21565E-09,    0.32147E-09,
   9503006,    0.47781E-10,    0.92605E-10,
   9000847,    0.74393E-10,    0.25768E-09,
   9504372,    0.29821E-10,    0.42309E-10,
   9518633,    0.87538E-10,    0.68310E-10,
   9518114,    0.11689E-09,    0.37637E-09,
   9517900,    0.67489E-09,    0.59085E-09,
   9518314,    0.76922E-10,    0.13238E-09,
   9517345,    0.15663E-09,    0.20402E-09,
   9593097,    0.18715E-09,    0.56109E-09,
   9517423,    0.13526E-09,    0.19001E-09,
   9517178,    0.88236E-10,    0.17247E-09,
   9517157,    0.15816E-09,    0.20395E-09,
   9592015,    0.12633E-09,    0.10189E-09,
   9503155,    0.12448E-09,    0.16347E-09,
   9517976,    0.68781E-09,    0.61924E-09,
   9504331,    0.30140E-10,    0.44837E-10,
   9592830,    0.17923E-09,    0.47775E-09,
   9517549,    0.14296E-09,    0.19855E-09,
   9592873,    0.53198E-10,    0.12796E-09,
   9517090,    0.10807E-09,    0.20887E-09,
   9503376,    0.14123E-09,    0.27335E-09,
   9517845,    0.17330E-09,    0.56401E-09,
   9517880,    0.15607E-09,    0.21898E-09,
   9516975,    0.16500E-09,    0.19862E-09,
   9503717,    0.23325E-09,    0.33300E-09,
   9503236,    0.41544E-10,    0.80414E-10,
   9593137,    0.17929E-09,    0.45159E-09,
   9502916,    0.14209E-09,    0.19182E-09,
   9518752,    0.15403E-09,    0.11933E-09,
   9503338,    0.24067E-09,    0.32222E-09,
   9592989,    0.52033E-10,    0.13289E-09,
   9593038,    0.52105E-10,    0.12473E-09,
   9591237,    0.11836E-09,    0.11605E-09,
   9517448,    0.16853E-09,    0.19950E-09,
   9503264,    0.14860E-09,    0.20561E-09,
   9517725,    0.17742E-09,    0.22241E-09,
   9517837,    0.17327E-09,    0.57420E-09,
   9518642,    0.64166E-10,    0.16319E-09,
   9503398,    0.25977E-09,    0.46439E-09,
   9503076,    0.14469E-09,    0.20646E-09,
   9503162,    0.14543E-09,    0.20892E-09,
   9593246,    0.13738E-09,    0.36673E-09,
   9517603,    0.17203E-09,    0.57270E-09,
   9517851,    0.17407E-09,    0.57734E-09,
   9517740,    0.17847E-09,    0.22514E-09,
   9517720,    0.17934E-09,    0.22953E-09,
   9518429,    0.92431E-10,    0.16809E-09,
   9590967,    0.12099E-09,    0.85655E-10,
   9590909,    0.14476E-09,    0.98707E-10,
   9590867,    0.16263E-09,    0.11352E-09,
   9590865,    0.17498E-09,    0.11990E-09,
   9504620,    0.43394E-10,    0.62732E-10,
   9502956,    0.43772E-10,    0.63984E-10,
   9593204,    0.12343E-09,    0.30591E-09,
   9503192,    0.12892E-09,    0.18978E-09,
   9503146,    0.12659E-09,    0.18561E-09,
   9503125,    0.44049E-10,    0.67002E-10,
   9592816,    0.12020E-09,    0.29480E-09,
   9593143,    0.12366E-09,    0.28344E-09,
   9502881,    0.46827E-10,    0.75251E-10,
   9500231,    0.11883E-09,    0.10202E-09,
   9517686,    0.17296E-09,    0.57061E-09,
   9518668,    0.11158E-09,    0.10930E-09,
   9517584,    0.17463E-09,    0.57689E-09,
   9503241,    0.51967E-10,    0.84463E-10,
   9518747,    0.87432E-10,    0.11165E-09,
   9518102,    0.87380E-10,    0.11412E-09,
   9503149,    0.52261E-10,    0.85860E-10,
   9518042,    0.87267E-10,    0.11381E-09,
   9518047,    0.84728E-10,    0.11292E-09,
   9517450,    0.15207E-09,    0.50377E-09,
   9518305,    0.81690E-10,    0.11547E-09,
   9503190,    0.55848E-10,    0.90666E-10,
   9517936,    0.83087E-10,    0.12267E-09,
   9500237,    0.49481E-10,    0.64062E-10,
   9503147,    0.56103E-10,    0.93058E-10,
   9517998,    0.85084E-10,    0.13067E-09,
   9502927,    0.56178E-10,    0.93768E-10,
   9518150,    0.54136E-10,    0.69338E-10,
   9503243,    0.56313E-10,    0.95316E-10,
   9518277,    0.54190E-10,    0.67822E-10,
   9592803,    0.90664E-10,    0.21420E-09,
   9593189,    0.90623E-10,    0.21507E-09,
   9592992,    0.88180E-10,    0.22371E-09,
   9593074,    0.88434E-10,    0.23673E-09,
   9517644,    0.13364E-09,    0.44480E-09,
   9592773,    0.88369E-10,    0.22618E-09,
   9517637,    0.13116E-09,    0.43733E-09,
   9517511,    0.13060E-09,    0.43347E-09,
   9593217,    0.88368E-10,    0.23326E-09,
   9592766,    0.87834E-10,    0.23546E-09,
   9517789,    0.13923E-09,    0.47924E-09,
   9000285,    0.91740E-10,    0.25954E-09,
   9518222,    0.64088E-10,    0.10322E-09,
   9592754,    0.92401E-10,    0.28423E-09,
   9518236,    0.83617E-10,    0.13088E-09,
   9593190,    0.90104E-10,    0.28439E-09,
   9518004,    0.67988E-10,    0.12311E-09,
   9518347,    0.68059E-10,    0.12252E-09,
   9517941,    0.67014E-10,    0.12112E-09,
   9518350,    0.64879E-10,    0.11640E-09,
   9503214,    0.50736E-10,    0.90811E-10,
   9518241,    0.10397E-09,    0.14696E-09,
   9592929,    0.77943E-10,    0.24728E-09,
   9592794,    0.77312E-10,    0.25143E-09,
   9593058,    0.77001E-10,    0.25235E-09,
   9517827,    0.73415E-10,    0.25018E-09,
   9517426,    0.73295E-10,    0.25559E-09,
   9517489,    0.73563E-10,    0.25911E-09,
   9517727,    0.73869E-10,    0.26346E-09,
   9517580,    0.75148E-10,    0.26770E-09,
   9517497,    0.77672E-10,    0.27280E-09,
   9517632,    0.80659E-10,    0.27865E-09,
   9517874,    0.82757E-10,    0.27754E-09,
   9502934,    0.71647E-10,    0.12005E-09,
   9517687,    0.89261E-10,    0.30578E-09,
   9517530,    0.97487E-10,    0.30178E-09,
   9503284,    0.70488E-10,    0.11918E-09,
   9502977,    0.69900E-10,    0.11850E-09,
   9503022,    0.69574E-10,    0.11843E-09,
   9503010,    0.69143E-10,    0.11943E-09,
   9517866,    0.68810E-10,    0.12069E-09,
   9517495,    0.11419E-09,    0.37769E-09,
   9517562,    0.68889E-10,    0.12168E-09,
   9517595,    0.69265E-10,    0.12405E-09,
   9517466,    0.11999E-09,    0.35369E-09,
   9517645,    0.69921E-10,    0.12736E-09,
   9517425,    0.70791E-10,    0.12960E-09,
   9517979,    0.85378E-10,    0.13064E-09,
   9518098,    0.82534E-10,    0.12344E-09,
   9518040,    0.82529E-10,    0.12031E-09,
   9517980,    0.82487E-10,    0.12019E-09,
   9518178,    0.82348E-10,    0.11898E-09,
   9518238,    0.83247E-10,    0.12165E-09,
   9518343,    0.82151E-10,    0.12304E-09,
   9518340,    0.85206E-10,    0.12835E-09,
   9518282,    0.86344E-10,    0.13146E-09,
   9500070,    0.88487E-10,    0.18452E-09,
   9518060,    0.88541E-10,    0.18320E-09,
   9518085,    0.89370E-10,    0.18258E-09,
   9517995,    0.90846E-10,    0.18297E-09,
   9518245,    0.92247E-10,    0.18795E-09,
   9517918,    0.99476E-10,    0.20742E-09,
   9517986,    0.10021E-09,    0.20737E-09,
   9517968,    0.10396E-09,    0.21574E-09,
   9518265,    0.98682E-10,    0.20848E-09,
   9518385,    0.10065E-09,    0.21091E-09,
   9518322,    0.10103E-09,    0.21154E-09,
   9518207,    0.10295E-09,    0.21358E-09,
   9517554,    0.10421E-09,    0.21443E-09,
   9517490,    0.10479E-09,    0.21675E-09,
   9517608,    0.10507E-09,    0.21756E-09,
   9517664,    0.10474E-09,    0.21892E-09,
   9517743,    0.10596E-09,    0.22282E-09,
   9517818,    0.10969E-09,    0.23017E-09,
   9517427,    0.11079E-09,    0.23192E-09,
   9517759,    0.11264E-09,    0.23627E-09,
   9517758,    0.11578E-09,    0.24321E-09,
   9517419,    0.11774E-09,    0.24468E-09,
   9517781,    0.11788E-09,    0.24500E-09,
   9517504,    0.12345E-09,    0.25148E-09,
   9500288,    0.12964E-09,    0.29685E-09,
   9517640,    0.13141E-09,    0.30379E-09,
   9517690,    0.13210E-09,    0.30643E-09,
   9517859,    0.13272E-09,    0.30896E-09,
   9517873,    0.13315E-09,    0.31076E-09,
   9517431,    0.13355E-09,    0.31286E-09,
   9517831,    0.13580E-09,    0.31873E-09,
   9517462,    0.13809E-09,    0.32198E-09,
   9517456,    0.13463E-09,    0.32546E-09,
   9517544,    0.13638E-09,    0.33891E-09,
   9517731,    0.13729E-09,    0.34271E-09,
   9517555,    0.13792E-09,    0.34117E-09,
   9517589,    0.13794E-09,    0.34529E-09,
   9517537,    0.13862E-09,    0.34633E-09,
   9517631,    0.14066E-09,    0.33600E-09,
   9517238,    0.12427E-09,    0.26966E-09,
   9517364,    0.12529E-09,    0.26784E-09,
   9517138,    0.12490E-09,    0.26976E-09,
   9517321,    0.12525E-09,    0.27527E-09,
   9517089,    0.12568E-09,    0.27717E-09,
   9503484,    0.12660E-09,    0.27610E-09,
   9503414,    0.13104E-09,    0.27043E-09,
   9503355,    0.13225E-09,    0.27169E-09,
   9503529,    0.13595E-09,    0.27624E-09,
   9503379,    0.14105E-09,    0.29546E-09,
   9503490,    0.14523E-09,    0.29921E-09,
   9503342,    0.15042E-09,    0.29847E-09,
   9503393,    0.16016E-09,    0.31141E-09,
   9503467,    0.16171E-09,    0.31930E-09,
   9503416,    0.16471E-09,    0.33034E-09,
   9503374,    0.16516E-09,    0.33355E-09,
   9503451,    0.16622E-09,    0.34156E-09,
   9503303,    0.16826E-09,    0.34498E-09,
   9501188,    0.16930E-09,    0.35300E-09,
   9508561,    0.16981E-09,    0.35761E-09,
   9508021,    0.17061E-09,    0.36240E-09,
   9507768,    0.17533E-09,    0.35816E-09,
   9507706,    0.17767E-09,    0.35011E-09,
   9000041,    0.18127E-09,    0.35395E-09,
         1,    -999.00    ,    -999.00    ,
