CAS,50centile,95centile,99centile,
1799-84-4,6.623699999999999e-09,7.856341999999998e-08,1.8672573999999977e-07,
360-64-5,1.7648e-07,5.063625999999999e-06,2.0838355999999966e-05,
151772-59-7,2.4293499999999997e-09,7.719139999999999e-08,4.0672990399999985e-07,
375-01-9,1.6735e-08,1.8936659999999996e-07,4.964570359999995e-07,
375-62-2,9.592549999999999e-09,1.1020459999999993e-07,2.645997839999995e-07,
191614-02-5,3.1073e-08,5.785877999999998e-07,1.6529095999999991e-06,
80806-68-4,9.09505e-09,1.7391879999999984e-07,5.165023839999995e-07,
3830-45-3,7.87075e-09,9.923723999999995e-08,2.5343249599999986e-07,
71546-78-6,4.6191e-09,6.550903999999998e-08,1.6263775199999987e-07,
119083-00-0,2.8130500000000002e-08,6.829287999999997e-07,2.698290679999997e-06,
1000-28-8,9.77835e-09,1.1535939999999999e-07,2.714754719999995e-07,
19064-18-7,3.8714e-08,8.230419999999998e-07,2.473864279999997e-06,
16486-94-5,7.0236e-11,2.2816839999999987e-09,1.0210191039999994e-08,
79622-59-6,5.648499999999999e-09,3.568273999999998e-07,5.785157199999997e-06,
39108-34-4,7.73475e-09,2.1329779999999994e-07,7.251733119999996e-07,
383-07-3,8.0542e-12,2.0024339999999982e-10,9.414634479999993e-10,
67969-69-1,4.3878e-09,1.269224e-07,5.560089439999995e-07,
661-95-0,1.9414e-08,2.2374159999999984e-07,8.583372519999996e-07,
70887-84-2,2.6467499999999998e-09,4.325101999999999e-08,9.562550919999997e-08,
256473-04-8,2.3278999999999998e-07,4.574623999999999e-06,1.0614602799999997e-05,
85631-54-5,0.0,0.0,0.0,
2641-34-1,1.4164000000000001e-11,2.7502619999999975e-10,6.941342559999989e-10,
68140-21-6,4.13825e-12,1.3145059999999988e-10,6.956137319999995e-10,
209995-38-0,3.1068e-08,7.047369999999995e-07,2.8313373199999968e-06,
674-13-5,2.82585e-08,5.970883999999999e-07,1.7227103599999982e-06,
356-47-8,9.232599999999999e-09,1.0842619999999998e-07,2.5530614799999955e-07,
1204298-70-3,2.7735999999999998e-08,5.679535999999998e-07,1.567012959999999e-06,
33831-83-3,1.2004e-08,1.3950839999999992e-07,3.3447172399999943e-07,
24279-39-8,6.714999999999999e-07,1.8154719999999995e-05,6.0474101199999976e-05,
3872-25-1,1.8736e-08,3.546007999999997e-07,1.458018719999999e-06,
63863-43-4,5.43815e-09,1.1800259999999997e-07,3.846026919999993e-07,
121-17-5,3.5582e-08,6.585801999999997e-07,2.549388719999997e-06,
79538-32-2,1.2167499999999998e-13,1.1262759999999993e-09,2.0268623199999987e-08,
916975-92-3,2.1059000000000003e-08,4.940107999999997e-07,2.023520039999998e-06,
73829-36-4,9.70475e-10,2.407725999999999e-08,7.301846239999988e-08,
2135-17-3,1.5746e-07,4.089963999999998e-06,1.7524321999999988e-05,
1691-99-2,3.7207499999999995e-12,1.0542679999999989e-10,4.149005119999993e-10,
678-26-2,8.25245e-09,9.627573999999999e-08,2.268631279999996e-07,
111493-74-4,2.18505e-08,3.729613999999995e-07,1.0426095199999998e-06,
720-94-5,2.5518000000000004e-08,5.833373999999995e-07,2.376415119999998e-06,
161462-35-7,2.26945e-08,6.657047999999999e-07,2.703521039999997e-06,
424-20-4,1.364e-12,4.6248179999999966e-11,2.756883039999996e-10,
27619-97-2,1.1721e-08,1.5771379999999997e-07,4.631834119999995e-07,
675-62-7,1.4868e-09,1.7017899999999975e-08,6.173703559999998e-08,
1696259-63-8,1.3747e-08,1.7400419999999996e-07,4.365766839999999e-07,
335-93-3,8.6343e-09,2.3640459999999993e-07,1.0295839919999992e-06,
52238-92-3,3.9127e-20,1.851685999999999e-18,9.73248559999998e-18,
65104-63-4,3.4095e-20,9.782603999999989e-19,3.640774399999998e-18,
375-73-5,2.3635e-08,4.516895999999997e-07,1.7796730799999986e-06,
68084-62-8,5.1817e-10,1.6188759999999997e-08,7.938581919999995e-08,
188416-20-8,2.04005e-08,3.363127999999999e-07,1.367756359999999e-06,
455-14-1,9.99015e-08,2.917722e-06,1.0338375919999995e-05,
59493-72-0,8.1753e-10,2.5116479999999992e-08,8.364895839999997e-08,
37893-02-0,0.0,6.9979219999999896e-12,1.0140826999999995e-10,
35367-38-5,3.9823000000000006e-22,4.541669999999997e-09,8.912879919999971e-08,
851725-98-9,2.2768500000000003e-08,5.678883999999997e-07,1.6478662799999977e-06,
141074-63-7,3.486e-13,1.1826379999999994e-11,7.08420223999999e-11,
40143-78-0,7.635350000000001e-09,2.1956979999999996e-07,9.58665895999999e-07,
338-84-1,3.2129e-15,1.2134399999999988e-13,5.826241399999995e-13,
788-41-0,9.5516e-09,1.1132679999999996e-07,2.650279239999995e-07,
382-28-5,2.75995e-09,3.071665999999999e-08,7.603046519999997e-08,
45048-62-2,2.52525e-08,5.000766e-07,1.4670959599999986e-06,
67485-29-4,9.57385e-09,2.467787999999999e-07,8.444977919999996e-07,
423-50-7,1.34895e-08,2.939205999999997e-07,8.365606679999982e-07,
17527-29-6,1.1671999999999999e-10,1.8775359999999993e-09,7.825499559999997e-09,
71720-86-0,8.507899999999999e-09,1.6133339999999987e-07,6.701655359999994e-07,
53826-12-3,8.726e-09,2.274066e-07,7.345903999999989e-07,
65510-55-6,2.56525e-17,7.04969199999999e-16,2.6937059199999985e-15,
72629-94-8,8.57955e-12,1.915829999999999e-10,8.498005159999994e-10,
376-34-1,1.2489e-08,3.369845999999999e-07,1.4737121999999983e-06,
2040-90-6,4.4854e-08,1.2199379999999993e-06,4.507125119999995e-06,
350-46-9,1.1962e-07,1.1250159999999998e-06,5.753523919999991e-06,
2706-89-0,2.0255e-08,4.477673999999999e-07,1.4657877599999997e-06,
73772-32-4,9.443e-09,1.763745999999999e-07,7.313914559999994e-07,
115375-60-5,5.43165e-10,1.8189019999999995e-08,1.0325357759999983e-07,
54910-89-3,4.83285e-10,1.3815539999999992e-08,5.3595317599999973e-08,
895525-76-5,6.0268999999999995e-09,1.8043679999999998e-07,7.770414039999994e-07,
16627-71-7,9.1111e-09,1.0609159999999997e-07,2.5288151599999954e-07,
30334-69-1,2.11855e-08,4.108036e-07,1.3118639599999987e-06,
1204298-65-6,2.7157500000000003e-08,7.440335999999998e-07,3.0416521199999953e-06,
354-38-1,4.8124e-08,1.1522379999999995e-06,4.280671759999997e-06,
335-67-1,5.05015e-11,6.144575999999998e-10,1.4669861599999996e-09,
731-27-1,2.09115e-21,7.615769999999995e-07,6.596141799999998e-06,
375-22-4,1.4561e-08,1.7324879999999982e-07,4.1948027599999983e-07,
57678-05-4,1.95315e-10,5.056825999999999e-09,1.981877239999999e-08,
63967-41-9,8.379850000000001e-09,9.837468e-08,2.3164527599999958e-07,
559-11-5,4.9104e-09,6.668661999999998e-08,1.58448608e-07,
641571-11-1,1.8466000000000001e-07,5.423993999999998e-06,2.2183435599999973e-05,
1869-24-5,4.4794e-08,9.946083999999997e-07,3.862603799999997e-06,
297730-93-9,6.77955e-11,1.5150439999999975e-09,4.453756639999989e-09,
86479-06-3,0.0,7.894465999999985e-10,2.3902162799999914e-08,
354-64-3,1.4027000000000001e-09,1.653607999999999e-08,6.03974387999999e-08,
3658-62-6,1.2732e-08,2.7885939999999983e-07,1.174598199999999e-06,
65150-94-9,1.39415e-18,3.9275119999999985e-17,1.4729680799999994e-16,
306-91-2,1.5016999999999997e-11,4.949499999999996e-10,2.7665071199999956e-09,
375-85-9,8.6851e-09,9.739741999999996e-08,2.4921027999999995e-07,
70969-47-0,1.87485e-12,6.293572e-11,3.567842599999996e-10,
176969-34-9,1.1977e-06,3.510353999999998e-05,0.0001426942399999998,
15166-06-0,5.41165e-09,9.776575999999983e-08,2.5523544399999994e-07,
83066-88-0,4.1817e-07,1.0559719999999998e-05,4.5584819599999965e-05,
22052-87-5,1.3087999999999999e-09,2.9639699999999947e-08,8.902125199999978e-08,
68555-77-1,1.21455e-08,2.8322499999999984e-07,1.176011919999999e-06,
375-50-8,4.5282499999999995e-09,6.109147999999996e-08,1.4487798399999995e-07,
52299-24-8,2.45805e-08,4.6020019999999967e-07,1.9088835999999986e-06,
461-82-5,1.29735e-08,3.6514199999999995e-07,1.4312735199999981e-06,
540468-96-0,2.95595e-08,6.983289999999999e-07,2.223790639999999e-06,
117-89-5,6.962700000000001e-09,2.0619439999999992e-07,9.068767279999996e-07,
72372-80-6,1.04535e-08,1.22134e-07,2.878204039999995e-07,
68187-47-3,1.4886999999999997e-10,2.7769639999999983e-09,1.1514001199999992e-08,
36097-07-1,0.0,0.0,0.0,
67905-19-5,2.3097e-14,8.758967999999991e-13,4.206012199999996e-12,
159276-62-7,1.2195999999999999e-08,3.668179999999997e-07,1.4708209599999987e-06,
2795-39-3,9.34905e-09,2.0496439999999987e-07,8.642097919999993e-07,
183065-68-1,2.05405e-07,6.060669999999997e-06,2.4717630799999966e-05,
429-67-4,2.7015e-14,1.0406959999999991e-12,4.998421359999996e-12,
135984-68-8,2.3194999999999997e-09,4.036559999999997e-08,8.857466399999997e-08,
141573-95-7,2.3001499999999995e-10,7.221708e-09,2.7824334399999963e-08,
126105-34-8,6.08295e-09,9.993117999999972e-08,2.6323992799999997e-07,
76-12-0,8.378500000000001e-10,1.0402439999999987e-08,3.5711295199999923e-08,
1939-27-1,2.40685e-08,5.771915999999998e-07,2.362544919999998e-06,
371771-07-2,3.8802500000000006e-08,1.16155e-06,4.988865759999992e-06,
148757-89-5,5.6031e-20,2.2101539999999978e-18,1.062050599999999e-17,
4021-47-0,1.1235999999999999e-08,2.433979999999999e-07,8.119157479999996e-07,
132182-92-4,7.730500000000001e-09,9.100157999999994e-08,2.1721767599999973e-07,
136239-66-2,1.6973000000000002e-08,2.1338979999999994e-07,8.651430359999982e-07,
64191-44-2,4.2296e-11,1.342103999999999e-09,7.018495319999996e-09,
34455-29-3,3.33105e-09,6.220145999999994e-08,2.579262799999998e-07,
187592-70-7,2.15525e-09,4.787273999999999e-08,1.5032125199999992e-07,
870778-34-0,7.331e-09,8.894575999999998e-08,2.1034903599999997e-07,
105812-81-5,2.1541500000000003e-07,6.326367999999997e-06,2.589711759999997e-05,
919005-14-4,1.3775e-08,3.444343999999998e-07,1.455542119999999e-06,
171198-24-6,6.8448499999999996e-09,1.984028e-07,8.754492559999992e-07,
1861-40-1,2.6817499999999996e-10,1.2825219999999993e-07,1.3592433599999977e-06,
464-36-8,1.1747e-11,3.8784399999999965e-10,2.261471919999996e-09,
757124-72-4,2.15195e-08,4.1176259999999977e-07,1.6066621999999988e-06,
15899-29-3,7.5282e-09,8.845325999999996e-08,2.1076421599999972e-07,
335-35-3,5.4075e-09,6.919993999999998e-08,1.7232480799999997e-07,
3330-14-1,3.6610000000000003e-11,4.967475999999998e-10,1.1801891999999998e-09,
163702-06-5,9.447349999999998e-10,1.0984319999999994e-08,2.6181501599999956e-08,
152914-73-3,3.7402e-09,1.1649779999999993e-07,5.719734799999997e-07,
78560-45-9,5.44695e-11,1.7269819999999987e-09,8.877786559999994e-09,
61340-74-7,8.57985e-09,1.0096037999999993e-07,2.4092318799999967e-07,
69377-81-7,0.0,3.89999e-08,1.0516780399999997e-07,
943913-15-3,1.42195e-11,5.371513999999995e-10,2.400877959999998e-09,
756-12-7,1.1129499999999999e-10,1.310419999999999e-09,4.821997119999997e-09,
4151-50-2,2.1537999999999998e-10,6.456865999999999e-09,2.4978010799999974e-08,
119895-68-0,6.26505e-10,1.635987999999999e-08,6.461555479999993e-08,
743456-60-2,1.95515e-08,3.7094539999999975e-07,1.5169994799999988e-06,
86-73-7,8.821150000000002e-09,1.393138e-07,5.429891559999996e-07,
65150-93-8,2.1630499999999997e-16,8.138903999999993e-15,3.907397559999997e-14,
375-81-5,6.91715e-09,8.145072e-08,1.9204641199999964e-07,
52299-26-0,5.620900000000001e-09,1.6353099999999998e-07,7.145383239999993e-07,
335-77-3,1.49985e-09,2.8383099999999956e-08,6.017860479999995e-08,
13417-01-1,5.2589e-10,1.6651279999999995e-08,8.960975199999991e-08,
79780-39-5,7.9137e-11,2.439354e-09,1.0907994399999997e-08,
40143-76-8,1.72445e-08,3.412659999999997e-07,1.423174959999999e-06,
335-71-7,3.2589500000000004e-10,9.457189999999998e-09,3.6020274799999956e-08,
3330-15-2,8.7386e-09,1.0163699999999997e-07,2.4277319199999956e-07,
163702-07-6,6.73815e-09,7.795861999999996e-08,1.8670645999999966e-07,
1696259-82-1,7.9022e-13,2.9910519999999974e-11,1.4295815199999988e-10,
68555-75-9,7.72455e-09,2.1722659999999994e-07,9.155611759999991e-07,
80475-32-7,9.4887e-09,2.446651999999998e-07,1.0490958239999989e-06,
1870-13-9,3.0615499999999996e-14,1.2033879999999988e-12,5.780730679999995e-12,
307-35-7,1.63695e-12,6.008299999999994e-11,2.3595212399999965e-10,
307-55-1,4.3662e-11,1.204077999999999e-09,4.3269213999999986e-09,
24448-09-7,1.0416e-07,2.5604079999999995e-06,5.019976799999999e-06,
338-65-8,3.6818e-08,4.295255999999998e-07,1.5525878399999982e-06,
432-08-6,3.8731500000000004e-17,1.4497259999999987e-15,6.959397679999994e-15,
1897-52-5,6.4104499999999995e-09,1.0834579999999995e-07,3.4680717999999985e-07,
93957-50-7,1.4901500000000003e-08,4.5640459999999994e-07,2.2523330799999985e-06,
10116-92-4,3.9705e-09,1.0510059999999996e-07,3.7114704399999927e-07,
19190-61-5,1.9265500000000002e-11,2.3902519999999997e-10,1.0009562599999983e-09,
68815-72-5,2.1297e-11,5.237631999999999e-10,2.1789600799999984e-09,
475-26-3,4.1171e-09,1.0815099999999997e-07,4.1192272399999913e-07,
2706-90-3,2.0787e-08,4.821673999999999e-07,1.5811409199999993e-06,
423-46-1,1.6581e-08,2.5910639999999975e-07,7.277406080000001e-07,
2058-94-8,2.14545e-10,6.466104e-09,2.5124637999999976e-08,
54739-18-3,6.1837999999999996e-12,1.6054939999999994e-10,6.438877239999995e-10,
423-65-4,9.0301e-11,2.792049999999999e-09,9.800902919999996e-09,
88974-05-4,1.4254e-08,4.164968e-07,1.8073064399999982e-06,
137641-05-5,8.81915e-09,2.5641859999999997e-07,1.126808839999999e-06,
1800-91-5,0.0,0.0,0.0,
423-73-4,3.61725e-11,8.284625999999995e-10,3.3177776399999974e-09,
19430-93-4,6.498749999999999e-10,7.899653999999998e-09,3.422205359999996e-08,
70124-77-5,6.633049999999999e-14,6.304641999999993e-10,2.0723447599999937e-08,
679-12-9,2.6520500000000002e-08,6.031235999999998e-07,1.8074636799999977e-06,
311-89-7,2.0613999999999996e-11,6.992553999999997e-10,4.186781679999993e-09,
6014-75-1,6.0295e-14,2.2839279999999976e-12,1.0962997199999992e-11,
32539-16-5,1.9807e-08,2.441947999999999e-07,6.143957639999999e-07,
132182-96-8,7.349100000000001e-09,8.679685999999995e-08,2.0699352799999975e-07,
2965-52-8,1.8136e-16,6.652767999999994e-15,3.1926611199999975e-14,
85857-16-5,2.6675000000000004e-10,3.121885999999998e-09,7.4483170399999895e-09,
98-16-8,2.59995e-07,4.253399999999999e-06,1.4787290799999999e-05,
306-94-5,0.0,0.0,0.0,
355-43-1,8.6375e-11,1.5242039999999986e-09,3.3814887999999985e-09,
16090-14-5,4.0677e-12,1.2122680000000002e-10,4.5779970799999956e-10,
45167-47-3,1.766e-08,2.514017999999998e-07,6.370119039999999e-07,
131341-86-1,0.0,6.182194e-10,3.607224799999992e-09,
2043-47-2,6.352749999999999e-11,1.1093239999999997e-09,3.2825396799999987e-09,
98-56-6,1.2579000000000002e-07,1.4162439999999996e-06,5.266533959999991e-06,
68555-72-6,9.13875e-09,2.454181999999999e-07,1.036984383999999e-06,
57678-01-0,1.1634e-08,2.928641999999998e-07,1.250559999999999e-06,
65104-65-6,2.11715e-16,7.932277999999991e-15,3.807998519999997e-14,
133881-46-6,2.8030499999999997e-09,4.474103999999999e-08,9.988795839999996e-08,
1125812-58-9,1.1419999999999999e-08,1.2912579999999995e-07,3.0879729999999985e-07,
68412-69-1,1.0325999999999999e-10,2.253687999999999e-09,7.422337679999994e-09,
1082065-80-2,2.7405e-08,4.918419999999998e-07,1.4276217199999993e-06,
68318-34-3,1.9853e-09,3.592649999999996e-08,8.180706439999993e-08,
373-88-6,4.0691e-08,9.875979999999992e-07,4.071385519999996e-06,
196859-54-8,2.14925e-10,6.477658e-09,2.0955341999999998e-08,
68259-07-4,9.627800000000001e-09,2.6354999999999995e-07,1.159310015999999e-06,
559-29-5,9.230949999999999e-09,1.0798739999999995e-07,2.560991719999996e-07,
68156-06-9,2.91105e-11,9.563657999999992e-10,5.137617239999995e-09,
62880-93-7,0.0,0.0,0.0,
57677-99-3,8.0209e-21,2.9546499999999974e-19,1.418031479999999e-18,
39492-89-2,1.55755e-08,4.100971999999998e-07,1.7662811599999985e-06,
80793-17-5,1.9989e-11,2.9944279999999996e-10,1.2622247599999972e-09,
148992-43-2,3.70415e-08,9.302629999999996e-07,2.7452507999999962e-06,
342-25-6,2.129e-08,5.878831999999996e-07,2.0691260799999987e-06,
328-90-5,2.3684e-08,6.181789999999997e-07,2.1950611599999984e-06,
675868-33-4,1.70075e-09,4.7785699999999966e-08,1.876909359999994e-07,
29091-09-6,1.0766e-08,2.926939999999998e-07,1.1385949959999988e-06,
67330-25-0,1.3397500000000002e-10,4.648535999999998e-09,2.504378359999999e-08,
102851-06-9,1.4812000000000004e-17,2.299121999999998e-10,6.443880359999992e-09,
638-79-9,5.361049999999999e-09,7.084731999999998e-08,1.714871759999999e-07,
754-91-6,1.8923e-09,3.5268699999999954e-08,8.282630759999991e-08,
958445-54-0,1.1695e-08,2.248141999999998e-07,6.474250559999993e-07,
345-92-6,2.39065e-08,7.013913999999995e-07,2.4811979599999977e-06,
68694-11-1,1.5761499999999998e-09,1.7646939999999977e-07,2.400040279999997e-06,
181214-75-5,9.0696e-09,1.0586939999999996e-07,2.5040334799999956e-07,
2991-50-6,4.3855e-10,1.4419059999999988e-08,7.97898499999999e-08,
895525-72-1,3.8489499999999995e-08,7.470638e-07,2.680473279999999e-06,
38436-16-7,4.47995e-09,6.39518e-08,1.578546599999999e-07,
67584-54-7,1.93935e-09,6.220740000000002e-08,3.003670159999999e-07,
864551-38-2,1.262e-10,3.4008279999999983e-09,1.2221285599999984e-08,
39492-88-1,2.35775e-08,5.462829999999995e-07,2.267329999999998e-06,
91913-68-7,6.23755e-12,1.9959959999999978e-10,1.2426993679999978e-09,
317817-24-6,6.512749999999999e-11,2.201663999999999e-09,1.3140609999999982e-08,
66332-96-5,1.2971e-11,4.1970959999999966e-08,5.337603599999987e-07,
38850-58-7,9.271149999999999e-09,1.7447939999999985e-07,7.242450399999995e-07,
348-57-2,1.6096e-08,1.846139999999999e-07,4.431195439999992e-07,
54949-74-5,2.3218e-08,2.8903019999999987e-07,6.847602999999998e-07,
101947-16-4,8.875700000000001e-11,2.30341e-09,8.561379799999997e-09,
45298-90-6,1.0666e-08,2.5083159999999996e-07,8.364267799999997e-07,
69116-73-0,6.5065500000000004e-09,1.6995919999999998e-07,5.394469359999992e-07,
1103234-56-5,1.89375e-07,5.5515239999999966e-06,2.256667599999997e-05,
507448-65-9,5.36435e-10,1.6508799999999998e-08,6.49504951999999e-08,
422-05-9,2.1379999999999997e-08,2.4085599999999994e-07,6.042534519999997e-07,
431-47-0,2.716e-08,3.177683999999999e-07,8.060304839999994e-07,
376-14-7,1.4909e-11,3.309053999999999e-10,1.4721819999999992e-09,
67584-56-9,5.46905e-09,1.3873159999999998e-07,4.3472435999999916e-07,
29457-72-5,1.2101e-08,2.650781999999998e-07,1.117522743999999e-06,
4149-60-4,1.5497499999999997e-08,2.856805999999998e-07,1.1861181599999991e-06,
138495-42-8,1.21385e-08,1.4080319999999993e-07,3.3765953199999943e-07,
3871-50-9,6.00095e-09,1.6568159999999997e-07,7.275787639999993e-07,
101463-69-8,1.96495e-24,4.214629999999993e-10,1.4273353599999957e-08,
65104-67-8,1.1220500000000002e-16,3.1033419999999946e-15,1.1881339599999994e-14,
76674-21-0,3.17745e-07,1.3570739999999996e-06,1.207007591999998e-05,
320-51-4,2.3890499999999998e-08,3.4382879999999986e-07,8.768189519999998e-07,
121219-07-6,2.3328e-08,3.062117999999998e-07,1.1285679199999976e-06,
42874-03-3,1.0312e-09,5.550613999999998e-08,9.773740119999993e-07,
1696259-78-5,3.6229000000000005e-11,8.296745999999995e-10,3.3228957599999974e-09,
2806-24-8,3.0107e-09,9.283579999999995e-08,4.543594839999998e-07,
993-95-3,1.2478000000000001e-08,1.423717999999999e-07,3.417200199999994e-07,
338-83-0,2.36095e-11,7.367467999999998e-10,3.30917004e-09,
423-39-2,3.1048e-10,3.657884e-09,8.609586319999984e-09,
356-02-5,2.2213e-08,5.136498000000001e-07,1.6245459599999987e-06,
1478-61-1,1.18645e-08,3.408989999999999e-07,1.4858834799999983e-06,
76-05-1,2.6124e-07,8.135161999999997e-06,2.9108116799999966e-05,
75198-93-5,1.5083499999999997e-08,2.817317999999998e-07,1.1684331199999991e-06,
67584-55-8,7.49035e-10,2.4298299999999993e-08,7.929418279999987e-08,
76-13-1,1.6379499999999998e-08,1.897135999999999e-07,4.5593888799999913e-07,
69045-84-7,5.277e-08,7.165753999999998e-07,2.673828639999998e-06,
68140-18-1,1.4298e-08,1.6297879999999993e-07,3.906751599999992e-07,
92612-52-7,1.21385e-08,1.4753779999999997e-07,3.5065325599999983e-07,
108427-53-8,1.4037e-08,3.199519999999999e-07,1.1032504e-06,
86508-42-1,1.0963999999999999e-11,3.6220139999999967e-10,2.128777559999997e-09,
54950-05-9,1.9834e-12,7.464423999999993e-11,3.5794744799999965e-10,
925689-10-7,2.7420999999999998e-08,7.489995999999999e-07,3.0923629999999956e-06,
68155-54-4,6.91905e-11,2.154025999999999e-09,9.662474479999998e-09,
76201-56-4,1.4616e-09,4.283793999999997e-08,1.7414751199999977e-07,
21615-47-4,1.8332500000000002e-08,3.430277999999997e-07,1.423124639999999e-06,
231285-86-2,2.1853499999999998e-08,3.7329599999999956e-07,1.0436845999999995e-06,
45187-15-3,2.3332e-08,4.523201999999998e-07,1.7842640799999987e-06,
68954-01-8,4.191e-10,1.3656919999999995e-08,7.821868639999991e-08,
68188-12-5,6.90665e-09,8.124425999999995e-08,1.9362909999999975e-07,
50598-28-2,5.49205e-09,1.5981839999999998e-07,6.927437399999995e-07,
15290-77-4,1.2431e-09,1.4569619999999992e-08,3.478870599999994e-08,
3825-26-1,1.00725e-10,2.492461999999999e-09,1.0634039279999989e-08,
1228350-17-1,0.0,0.0,0.0,
130336-16-2,1.8132e-08,2.449019999999998e-07,5.909528279999999e-07,
335-24-0,8.8273e-09,2.2015099999999994e-07,6.782590919999991e-07,
52299-25-9,1.4501e-11,4.658573999999999e-10,2.099250199999999e-09,
67939-97-3,8.18935e-12,3.034165999999997e-10,1.4479208399999989e-09,
2144-54-9,1.4176500000000001e-12,4.769159999999996e-11,2.2682688399999978e-10,
375-92-8,8.27135e-09,8.070839999999998e-08,2.079121159999996e-07,
68555-76-0,4.2899e-09,1.252718e-07,5.453685439999997e-07,
22052-86-4,1.4399000000000002e-08,1.6616439999999992e-07,3.992686759999993e-07,
113100-53-1,2.8130500000000002e-08,6.829287999999997e-07,2.698290679999997e-06,
57678-03-2,2.0237499999999998e-09,6.461231999999999e-08,3.319191599999999e-07,
2043-53-0,2.2662499999999998e-11,7.876437999999991e-10,4.522458359999993e-09,
354-58-5,1.8678999999999998e-08,2.267937999999999e-07,8.173259839999998e-07,
355-04-4,2.6296999999999997e-10,3.352431999999999e-09,1.3261877199999999e-08,
42532-60-5,4.36035e-11,5.861745999999999e-10,1.998997479999998e-09,
375-84-8,6.6535e-09,7.837744e-08,1.8495889599999968e-07,
67906-42-7,9.53055e-10,3.023123999999999e-08,1.2227615999999995e-07,
98349-25-8,2.3864e-08,4.665945999999996e-07,1.9471527199999985e-06,
372-31-6,2.8569500000000003e-08,6.613906e-07,2.0407527599999976e-06,
13081-18-0,3.13265e-08,7.405125999999999e-07,2.3630042799999982e-06,
1652-63-7,6.7406000000000005e-09,1.5116259999999991e-07,6.394267559999994e-07,
307-24-4,1.75135e-08,3.854113999999999e-07,1.2196653359999987e-06,
507-63-1,7.37835e-13,2.2998219999999995e-11,1.0320272799999999e-10,
34449-89-3,1.3018999999999999e-08,2.9501839999999976e-07,1.2314099599999988e-06,
847-51-8,1.8355500000000002e-08,3.528895999999997e-07,1.4694586799999988e-06,
63967-40-8,2.79655e-09,4.4879619999999994e-08,1.0019375759999995e-07,
335-66-0,5.0779e-11,6.122869999999997e-10,1.4494097999999986e-09,
920-66-1,4.7041999999999995e-09,5.724124e-08,2.2282539199999969e-07,
130755-46-3,1.92755e-10,7.202843999999992e-09,3.469978159999997e-08,
381-73-7,1.34405e-08,4.2231659999999993e-07,1.6190598399999978e-06,
27854-31-5,1.46435e-09,3.109513999999998e-08,8.621387799999982e-08,
862574-88-7,1.86585e-07,5.479361999999997e-06,2.2399110399999974e-05,
355-46-4,1.55665e-08,3.241059999999999e-07,1.11470392e-06,
29420-49-3,1.7416e-10,3.3027699999999985e-09,1.2996453599999988e-08,
96383-55-0,2.7770499999999998e-12,6.954321999999993e-11,2.7264662799999905e-10,
34455-03-3,5.9511e-09,1.722854e-07,7.547357639999995e-07,
863090-89-5,1.4936000000000002e-08,2.080204e-07,4.990199159999998e-07,
874288-98-9,1.1336e-08,1.4819919999999992e-07,3.560704039999998e-07,
39239-77-5,4.70175e-14,1.5542599999999987e-12,9.08829963999999e-12,
65601-69-6,1.2505499999999999e-08,1.4362039999999993e-07,3.4529992399999936e-07,
101513-70-6,2.5514e-08,3.671989999999998e-07,1.3733007599999981e-06,
68140-19-2,1.4298e-10,1.6297879999999994e-09,3.906751599999993e-09,
445-03-4,3.3804e-08,9.361781999999995e-07,3.4112871199999963e-06,
2706-91-4,1.9326e-08,3.8110779999999996e-07,1.434205799999999e-06,
79241-46-6,3.0303999999999997e-12,3.0749019999999986e-08,6.095293799999994e-07,
118400-71-8,1.3863e-12,3.078451999999998e-11,1.392267239999999e-10,
68391-08-2,4.7578e-11,6.399209999999995e-10,1.52674696e-09,
1682-78-6,9.086250000000001e-10,1.0383239999999995e-08,2.4900738799999956e-08,
70225-14-8,6.3979e-09,1.841666e-07,8.042109759999991e-07,
120100-77-8,1.5081e-07,4.445981999999998e-06,1.8072147999999977e-05,
756-13-8,7.77675e-10,9.043019999999997e-09,2.1569514399999958e-08,
40143-79-1,1.53025e-14,5.793779999999996e-13,2.7819550799999974e-12,
1869-77-8,6.2106e-11,1.7716959999999993e-09,6.3999038399999946e-09,
13311-84-7,2.3970999999999998e-11,4.739503999999996e-10,2.040780319999999e-09,
145701-23-1,2.39515e-07,9.753745999999998e-07,1.2349989799999981e-05,
393-36-2,1.9909499999999997e-08,3.0482519999999965e-07,8.215466439999999e-07,
862374-87-6,7.949550000000001e-12,1.8259499999999982e-10,8.474191959999994e-10,
79456-26-1,2.0378e-07,5.602217999999998e-06,2.3734129599999976e-05,
375-72-4,7.236e-08,8.547497999999994e-07,2.0378527999999978e-06,
21049-39-8,6.6107e-09,7.363109999999996e-08,1.8524616399999992e-07,
60270-55-5,1.4251e-08,2.797977999999998e-07,1.1554899999999993e-06,
142818-01-7,2.2786999999999998e-08,5.251675999999996e-07,2.1931090799999976e-06,
171978-95-3,4.3733500000000005e-11,1.0528e-09,4.006788919999998e-09,
83121-18-0,5.83905e-24,2.356855999999998e-09,5.7289248399999865e-08,
3793-74-6,1.98985e-11,6.693869999999998e-10,4.053011199999994e-09,
1696259-81-0,5.4128e-12,1.5076079999999987e-10,7.050705239999994e-10,
306-83-2,3.9776e-08,4.873241999999999e-07,1.8132360799999986e-06,
1996-88-9,5.206e-11,1.6167039999999996e-09,7.682174199999998e-09,
2218-54-4,1.61095e-08,1.9092799999999982e-07,4.6346733199999975e-07,
203929-12-8,5.49635e-09,7.510634e-08,1.78990776e-07,
2712-83-6,1.0278000000000001e-08,2.8601539999999995e-07,1.2537779199999984e-06,
308-48-5,2.2832499999999998e-10,6.933631999999998e-09,2.7372467599999972e-08,
2923-26-4,1.98895e-08,3.68294e-07,1.1778480759999986e-06,
173350-69-1,3.13225e-10,9.270203999999995e-09,3.6013127999999954e-08,
68134-22-5,3.6482499999999996e-08,1.0806359999999994e-06,4.393427919999995e-06,
126586-91-2,1.136e-07,3.333399999999998e-06,1.3617115599999983e-05,
27619-89-2,2.53175e-10,3.919777999999997e-09,1.8338638399999954e-08,
68155-62-4,1.1279e-08,2.1039899999999984e-07,8.723387159999994e-07,
678-41-1,1.4640499999999998e-15,5.527951999999994e-14,2.6543036799999984e-13,
25291-17-2,3.8568499999999996e-09,6.089917999999996e-08,1.3759569599999994e-07,
1017183-70-8,3.2498e-09,7.315007999999998e-08,2.2753279599999985e-07,
1158182-60-5,1.4629499999999998e-14,5.506171999999995e-13,2.643190519999998e-12,
70887-94-4,3.41445e-11,1.1059559999999997e-09,4.532262239999996e-09,
1493-13-6,2.87295e-08,9.094653999999996e-07,3.523154959999996e-06,
1189052-95-6,0.0,0.0,0.0,
76298-23-2,1.11055e-08,1.3039119999999995e-07,3.089301799999995e-07,
34395-24-9,3.31325e-15,8.494479999999998e-14,3.448488919999998e-13,
1895-26-7,3.9864000000000006e-18,1.4887359999999986e-16,7.146591399999994e-16,
13252-13-6,2.0654e-08,3.9830579999999993e-07,1.4154482399999993e-06,
151213-15-9,2.1878e-08,6.105769999999995e-07,2.541978359999998e-06,
67786-14-5,1.70925e-08,3.1894279999999975e-07,1.322406479999999e-06,
88992-45-4,0.0,0.0,0.0,
377-73-1,2.52365e-08,5.837507999999995e-07,2.395272159999998e-06,
256473-05-9,1.2278499999999997e-07,3.4383119999999992e-06,1.2137842799999995e-05,
68259-11-0,2.63015e-08,4.913973999999996e-07,2.0383237199999984e-06,
2374-14-3,6.474749999999999e-11,1.5365059999999988e-09,6.040849479999996e-09,
776-04-5,1.7412e-09,3.5251359999999985e-08,1.1736601999999995e-07,
365971-87-5,9.72795e-13,3.591027999999996e-11,1.7142031599999989e-10,
189300-85-4,2.8507500000000002e-08,5.811045999999999e-07,1.7199435599999984e-06,
41997-13-1,9.70715e-09,2.1147099999999984e-07,6.304949919999991e-07,
307-51-7,2.04755e-12,6.895787999999993e-11,4.3513127599999934e-10,
15457-05-3,2.0830499999999999e-10,6.857109999999995e-08,1.153144479999999e-06,
57589-85-2,1.46615e-12,5.517165999999994e-11,2.6464834399999973e-10,
335-95-5,1.3208499999999999e-08,2.1383139999999995e-07,6.363436919999999e-07,
37595-74-7,9.906849999999999e-09,1.299244e-07,3.0424071199999986e-07,
94239-04-0,2.0525e-08,2.2801379999999993e-07,5.982768559999996e-07,
355-70-4,5.33875e-09,7.228183999999996e-08,1.7094615599999996e-07,
142459-58-3,1.04275e-07,4.6461819999999986e-07,6.2943679999999934e-06,
27603-25-4,2.5433e-08,5.630864e-07,2.0314119199999985e-06,
102625-64-9,1.4229500000000002e-07,4.201941999999997e-06,1.7083520399999977e-05,
55283-68-6,5.103e-10,1.7031439999999978e-07,2.1301601199999946e-06,
35037-73-1,2.976e-08,6.629347999999996e-07,2.2097431999999977e-06,
163702-05-4,9.37695e-08,1.0941619999999998e-06,2.599393399999995e-06,
2806-16-8,5.8843e-09,1.6940819999999996e-07,7.401458399999992e-07,
1072957-71-1,1.0231999999999999e-08,2.9922440000000003e-07,1.2977674399999984e-06,
355-79-3,1.1618499999999999e-08,1.3358119999999994e-07,3.2026570399999945e-07,
68608-14-0,1.3479500000000001e-15,5.2035899999999954e-14,2.499757719999998e-13,
176310-29-5,1.0039e-08,1.1717799999999997e-07,2.7887852399999954e-07,
312-94-7,4.3508e-08,5.037373999999997e-07,1.9515069199999966e-06,
68298-11-3,7.8372e-09,1.506055999999999e-07,6.269607639999995e-07,
497833-04-2,2.2084e-08,2.822444e-07,7.015522239999997e-07,
69681-35-2,1.0167e-08,1.1783879999999996e-07,2.953021279999998e-07,
68238-92-6,7.49625e-09,1.3975239999999988e-07,5.793825719999996e-07,
90076-65-6,1.15505e-08,1.3028759999999999e-07,3.363818799999997e-07,
2994-71-0,7.3571000000000006e-09,8.650077999999993e-08,2.0673654399999978e-07,
2355-31-9,1.3913000000000001e-09,4.3704199999999977e-08,2.1546561999999987e-07,
45285-51-6,6.1549999999999995e-09,7.490179999999998e-08,1.7880831999999997e-07,
375-95-1,3.1686999999999996e-09,4.877059999999999e-08,1.1280804399999993e-07,
2062-78-4,8.911549999999999e-10,2.890669999999998e-08,1.665448999999998e-07,
2043-57-4,1.5291e-09,3.499759999999999e-08,1.3524445599999992e-07,
57678-07-6,1.31375e-10,4.931395999999996e-09,2.252019359999998e-08,
59587-38-1,1.5129e-08,2.9384299999999975e-07,1.213999959999999e-06,
39492-90-5,1.4585e-09,4.6445879999999986e-08,2.587245239999998e-07,
349-76-8,2.34075e-08,4.912411999999996e-07,1.636912519999998e-06,
1085-98-9,1.01745e-22,3.958913999999999e-08,3.4823609199999996e-07,
678-39-7,8.110600000000001e-11,1.4485959999999985e-09,3.256024439999998e-09,
68310-12-3,3.31335e-14,1.2508099999999988e-12,6.004016199999994e-12,
16517-11-6,7.839050000000001e-16,2.968459999999997e-14,1.424698559999999e-13,
57677-95-9,3.2019e-12,1.215839999999999e-10,5.815403279999996e-10,
88-17-5,3.3397e-09,8.911519999999995e-08,2.8064139999999995e-07,
27905-45-9,8.49445e-12,2.5616499999999996e-10,1.0050250999999988e-09,
1978-24-1,6.8460000000000006e-09,7.992123999999998e-08,1.890125239999997e-07,
94094-26-5,4.0396e-17,1.5525259999999984e-15,7.457800479999994e-15,
425670-75-3,1.2555500000000001e-08,2.951731999999998e-07,1.0003854399999997e-06,
18063-03-1,2.53185e-07,7.425463999999997e-06,3.047250439999996e-05,
26650-09-9,2.7721e-10,4.508067999999999e-09,1.810519799999999e-08,
30381-98-7,1.5920499999999999e-12,5.841465999999995e-11,2.7997704399999977e-10,
56734-81-7,8.013399999999999e-09,9.348173999999999e-08,2.203604839999996e-07,
118-83-2,3.729750000000001e-08,4.278795999999999e-07,1.680699479999999e-06,
2991-51-7,5.868e-09,1.6152079999999997e-07,7.018295279999992e-07,
1895-14-3,7.89175e-13,2.9870119999999975e-11,1.4276605199999988e-10,
329-01-1,2.36665e-08,3.7219539999999995e-07,1.4850817199999987e-06,
3108-42-7,8.09745e-09,2.2390819999999993e-07,9.79239731999999e-07,
34455-22-6,6.37775e-10,1.8761839999999995e-08,8.023616519999992e-08,
2923-93-5,3.8090000000000005e-14,1.4450659999999985e-12,6.940499839999995e-12,
1623-05-8,9.51525e-10,1.0971159999999994e-08,2.6277740799999953e-08,
120226-60-0,2.76565e-09,3.816857999999999e-08,9.632406479999992e-08,
34454-97-2,1.5281999999999997e-09,3.079985999999998e-08,1.275465599999999e-07,
865-86-1,9.6803e-10,2.498742e-08,8.012329199999998e-08,
130841-23-5,6.05215e-09,1.4037019999999996e-07,5.530808959999991e-07,
85813-73-6,2.0029e-08,3.4096419999999973e-07,9.68610456e-07,
1763-23-1,1.85805e-11,2.1395979999999973e-10,5.389822799999999e-10,
120885-29-2,8.7092e-09,9.766771999999996e-08,2.4990237999999993e-07,
610800-34-5,2.7930499999999997e-12,1.079065999999999e-10,5.090713039999995e-10,
14650-24-9,6.232849999999999e-11,1.5098239999999995e-09,5.925044079999996e-09,
640731-95-9,1.3164999999999999e-08,1.9642339999999995e-07,5.303737039999999e-07,
1696259-68-3,7.735e-09,8.841493999999998e-08,2.1003031999999966e-07,
3871-99-6,1.3466999999999999e-08,2.579303999999998e-07,1.0629440039999991e-06,
1696259-88-7,3.065e-14,1.2047999999999987e-12,5.787656719999996e-12,
138526-69-9,3.09625e-08,3.546088e-07,1.4175937599999973e-06,
68412-68-0,6.6738e-09,1.892564e-07,7.205942199999995e-07,
50594-66-6,4.24955e-10,5.964057999999993e-08,1.0434980399999993e-06,
335-27-3,0.0,0.0,0.0,
68555-73-7,2.1988000000000003e-09,6.944623999999994e-08,3.107325959999999e-07,
103055-07-8,0.0,3.731807999999999e-10,1.2698078439999962e-08,
77501-63-4,1.11985e-09,3.344377999999999e-08,1.4754387199999981e-07,
355-42-0,5.7951999999999995e-11,7.271915999999997e-10,1.76697912e-09,
98-17-9,6.93445e-08,6.141049999999995e-07,2.7673789599999978e-06,
67584-57-0,2.27195e-09,6.754623999999999e-08,2.8267913999999994e-07,
376-06-7,5.25335e-13,1.8416959999999983e-11,8.808309839999994e-11,
134605-64-4,2.2934499999999998e-09,6.762983999999994e-08,2.794773799999996e-07,
25268-77-3,1.4598e-09,4.442003999999998e-08,1.7547923599999986e-07,
102061-82-5,2.39625e-08,4.510729999999997e-07,1.8669297199999986e-06,
38565-52-5,6.0430999999999995e-09,7.712598e-08,1.920356879999999e-07,
20109-59-5,1.6363e-08,2.8929539999999997e-07,8.986305279999995e-07,
423-82-5,4.6714e-11,1.576751999999999e-09,9.093817799999985e-09,
914637-49-3,1.0776e-08,2.91496e-07,9.75206467999999e-07,
136426-54-5,1.3095e-07,6.152374e-07,5.718217679999992e-06,
53826-13-4,6.984899999999999e-11,1.9422379999999995e-09,6.591141399999999e-09,
113659-14-6,5.86245e-12,1.8743279999999975e-10,1.1711167679999981e-09,
352-87-4,2.42275e-08,3.115352e-07,7.770138679999995e-07,
50650-59-4,3.3395e-08,8.036171999999998e-07,3.0353103999999966e-06,
4089-58-1,1.2479e-12,4.2070999999999986e-11,2.4354433999999966e-10,
17741-60-5,3.44185e-13,1.0620419999999985e-11,3.837054839999999e-11,
86386-73-4,1.2272499999999999e-09,3.436125999999999e-08,1.376827119999999e-07,
2927-83-5,1.1371999999999999e-07,1.2678239999999993e-06,3.189269279999998e-06,
166524-65-8,3.7097e-09,9.919991999999996e-08,3.573959719999997e-07,
61213-25-0,1.7275e-09,4.449897999999996e-08,5.222700479999986e-07,
68555-74-8,1.152e-08,2.674807999999999e-07,1.1060713559999993e-06,
1868-86-6,1.13825e-08,2.772065999999999e-07,1.1282030879999992e-06,
2144-53-8,2.19945e-10,5.747371999999996e-09,2.185698359999999e-08,
801-26-3,1.07685e-09,2.6862299999999996e-08,8.504870239999986e-08,
1696259-85-4,1.52935e-13,5.989655999999994e-12,2.8749368799999976e-11,
2043-54-1,4.4165000000000004e-13,1.6402979999999985e-11,7.840547119999994e-11,
40143-77-9,1.7732e-11,4.166206e-10,1.7637118799999986e-09,
335-76-2,9.685699999999999e-10,2.403001999999999e-08,7.287466279999988e-08,
2062-98-8,7.5066e-11,8.734303999999997e-10,2.0817651999999963e-09,
375-80-4,4.4716000000000004e-10,1.1952579999999996e-08,3.07333584e-08,
85509-19-9,8.15445e-09,2.3025539999999967e-07,2.8427978399999965e-06,
34362-49-7,1.6356e-16,4.423555999999994e-15,1.724126439999999e-14,
27314-13-2,1.3971500000000001e-11,7.089979999999987e-09,1.1944839599999987e-07,
34451-26-8,0.0,0.0,0.0,
1582-09-8,6.735800000000001e-10,8.644489999999992e-07,1.2614304399999978e-05,
4234-23-5,5.70875e-09,1.65728e-07,7.291187559999996e-07,
2395-00-8,1.5741000000000002e-08,3.034167999999997e-07,1.251385079999999e-06,
52334-81-3,2.4062e-07,3.278446e-06,7.319719639999996e-06,
219715-34-1,3.96925e-08,1.0155939999999995e-06,2.9568161999999963e-06,
75-89-8,8.91795e-08,1.9949139999999993e-06,6.915300079999986e-06,
812-70-4,2.13975e-09,3.9956599999999944e-08,9.42608155999999e-08,
51851-37-7,1.7199999999999999e-09,3.3114479999999956e-08,8.154476639999988e-08,
69681-37-4,8.150750000000001e-10,2.032922e-08,6.48952487999999e-08,
73609-36-6,5.659e-12,1.788557999999999e-10,8.815702999999996e-10,
1583-59-1,5.4126e-08,1.2064859999999998e-06,3.914964399999997e-06,
355-37-3,9.02465e-09,1.0516179999999996e-07,2.480712159999996e-07,
72007-68-2,3.1756e-09,4.8876419999999995e-08,1.1305644799999995e-07,
60699-51-6,2.2301e-15,5.809979999999997e-14,2.328764559999999e-13,
31506-32-8,1.9057e-09,6.089833999999998e-08,2.927768799999999e-07,
63967-42-0,3.79455e-10,1.0817819999999999e-08,4.0259087999999945e-08,
2164-17-2,2.4698e-09,3.7670259999999993e-07,3.883070879999997e-06,
2043-55-2,4.8903e-10,6.267617999999998e-09,1.5605928799999995e-08,
335-57-9,2.7143500000000002e-09,4.3318099999999983e-08,9.658236239999995e-08,
30046-31-2,5.7248e-16,1.5008139999999988e-14,5.991077919999995e-14,
22715-45-3,2.93495e-08,5.166387999999999e-07,1.9626055599999986e-06,
86404-63-9,2.69495e-08,6.049089999999995e-07,2.510414599999998e-06,
778-94-9,7.9558e-08,2.1679759999999987e-06,7.947167759999992e-06,
70887-88-6,9.086599999999999e-09,1.1207239999999992e-07,2.7690595999999986e-07,
98967-40-9,5.6494e-09,1.4149420000000002e-07,6.077442839999995e-07,
38006-74-5,6.1523999999999996e-09,1.6396479999999994e-07,7.108414639999993e-07,
13846-22-5,8.714999999999999e-09,1.0248139999999997e-07,2.4240333599999955e-07,
88374-05-4,1.9351500000000003e-09,5.4765219999999965e-08,2.0267205599999978e-07,
70281-93-5,8.4598e-09,2.1315119999999988e-07,8.979912559999991e-07,
647-42-7,1.1043000000000002e-08,1.3944979999999993e-07,5.516201279999987e-07,
15899-31-7,1.6683e-09,4.326593999999999e-08,1.6815429919999966e-07,
430-67-1,9.083600000000001e-08,2.3213159999999984e-06,7.60154111999999e-06,
83164-33-4,1.5622e-08,1.8292339999999995e-07,2.1356637999999917e-06,
