MolMass,bp,mp,pv,ks,kac,kba,kn,kds,kde,kdw,kow0,kaw0,dhaw,
2795-39-3,538.2200,375.8000,192.3300,3.3063901E-04,0.5087382,-999,-999,-999,7.1400001E-09,3.2199999E-08,6.4300004E-08,3.320000,-5.727112,-999,
1103234-56-5,279.2600,402.2900,190.1350,1.1200000E-06,4.050000,-999,-999,-999,1.1300000E-06,1.1300000E-06,1.1300000E-06,1.829800,-10.01953,97844.00,
2991-50-6,585.2300,310.4350,113.1750,0.2206550,4.1200001E-06,-999,-999,-999,7.1400001E-09,3.2199999E-08,6.4300004E-08,6.485000,-2.821870,-999,
1696259-82-1,745.1270,313.0500,96.65000,2.6131000E-02,1.2350000E-09,-999,-999,-999,7.1400001E-09,3.2199999E-08,6.4300004E-08,8.890000,5.315000,-999,
21615-47-4,331.0850,240.9400,139.4950,109.9984,7.469381,-999,-999,-999,7.1400001E-09,3.2199999E-08,6.4300004E-08,1.690000,-6.892304,-999,
1939-27-1,231.2180,314.1250,100.8800,1.7782353E-02,0.3759655,-999,-999,-999,2.1400000E-08,9.6500003E-08,1.9300001E-07,2.975000,-4.306049,-999,
135984-68-8,462.1060,170.4000,-6.740000,204.0000,1.7576202E-05,-999,-999,-999,7.1400001E-09,3.2199999E-08,6.4300004E-08,5.720000,3.506000,-999,
68815-72-5,815.2000,615.8700,270.4200,6.4499998E-19,6.5300000E-08,-999,-999,-999,7.1400001E-09,3.2199999E-08,6.4300004E-08,7.595000,-6.001730,-999,
376-14-7,639.3200,318.6900,96.82500,6.4927810E-03,2.4700000E-08,-999,-999,-999,7.1400001E-09,3.2199999E-08,6.4300004E-08,7.855000,-1.390170,-999,
338-65-8,100.5000,31.03000,-93.34450,81635.59,36.30780,-999,-999,-999,1.1300000E-07,1.1300000E-07,1.1300000E-07,1.240000,0.4719313,22035.00,
126586-91-2,414.4300,572.8900,207.1550,1.9599999E-10,3.9200000E-03,-999,-999,-999,1.1300000E-06,1.1300000E-06,1.1300000E-06,2.210000,-14.79100,165270.0,
1696259-78-5,645.1110,285.4100,77.11000,0.1799850,5.4999997E-08,-999,-999,-999,7.1400001E-09,3.2199999E-08,6.4300004E-08,7.550000,3.874000,-999,
51851-37-7,510.3670,216.4650,8.760000,17.84935,1.2300000E-05,-999,-999,-999,7.1400001E-09,3.2199999E-08,6.4300004E-08,5.845000,1.210998,-999,
69377-81-7,255.0300,375.3200,164.0600,1.2954455E-05,3.226718,-999,-999,0.0000000E+00,0.0000000E+00,0.0000000E+00,0.0000000E+00,1.675200,-11.54100,104930.0,
145701-23-1,360.3000,482.3150,223.0900,2.8905498E-07,0.2290000,-999,-999,0.0000000E+00,2.9800000E-09,2.9800000E-09,2.9800000E-09,1.430000,-14.23917,167470.0,
130336-16-2,243.0100,229.1050,28.75500,5.306413,0.1320974,-999,-999,-999,7.1400001E-09,3.2199999E-08,6.4300004E-08,3.650000,-1.444203,-999,
2923-26-4,336.0360,297.6400,108.2900,96.50004,21.66361,-999,-999,-999,7.1400001E-09,3.2199999E-08,6.4300004E-08,0.7000000,-2.732305,-999,
335-67-1,414.0700,189.0000,55.00000,29.86413,7.800581,-999,-999,-999,7.1400001E-09,3.2199999E-08,6.4300004E-08,4.810000,0.5700000,-999,
67906-42-7,617.1700,319.2550,120.8250,0.3140560,5.2199999E-07,-999,-999,-999,7.1400001E-09,3.2199999E-08,6.4300004E-08,5.985000,-5.839604,-999,
163702-06-5,264.0910,56.62500,-69.47501,46662.70,4.9982771E-02,-999,-999,-999,7.1400001E-09,3.2199999E-08,6.4300004E-08,3.805000,2.152630,-999,
73772-32-4,644.4000,542.1700,233.3850,4.2300002E-17,0.2018932,-999,-999,-999,7.1400001E-09,3.2199999E-08,6.4300004E-08,1.025000,-9.335088,-999,
2355-31-9,571.2000,294.4250,106.6100,0.3573500,1.3700000E-05,-999,-999,-999,7.1400001E-09,3.2199999E-08,6.4300004E-08,5.930000,-2.881986,-999,
678-26-2,288.0360,29.15000,-103.7100,87325.91,1.5831350E-03,-999,-999,-999,7.1400001E-09,3.2199999E-08,6.4300004E-08,4.400000,4.168904,-999,
166524-65-8,160.1300,206.6500,34.17150,42.65600,18.80847,-999,-999,-999,1.1300000E-06,1.1300000E-06,1.1300000E-06,1.310000,-3.933811,67616.00,
993-95-3,250.0640,30.61000,-101.5200,83059.61,7.6096997E-02,-999,-999,-999,7.1400001E-09,3.2199999E-08,6.4300004E-08,3.260000,1.605000,-999,
1017183-70-8,200.6400,245.2500,30.12900,4.311900,0.7585776,-999,-999,-999,3.4999999E-07,3.4999999E-07,3.4999999E-07,3.039000,-3.116900,56398.00,
1868-86-6,463.1180,188.0000,164.0000,7.719344,845.0000,-999,-999,-999,-999,-999,-999,3.900000,-3.900860,-999,
21049-39-8,486.0600,400.1200,165.9400,3.8900002E-05,3.3761289E-02,-999,-999,-999,7.1400001E-09,3.2199999E-08,6.4300004E-08,1.670000,1.292000,-999,
231285-86-2,222.1670,242.2950,63.13500,3.886336,7.617693,-999,-999,-999,3.4300001E-08,1.5400001E-07,3.0900000E-07,1.950000,-1.939445,-999,
37893-02-0,416.3500,404.6700,136.4950,7.7400000E-05,1.1900000E-05,-999,-999,-999,3.5000000E-06,3.5000000E-06,3.5000000E-06,6.660000,-7.130900,127310.0,
256473-05-9,251.2700,278.6000,51.94550,0.7998000,8.6962231E-02,-999,-999,-999,3.4999999E-07,3.4999999E-07,3.4999999E-07,3.545000,-3.578175,67961.00,
958445-44-8,395.1010,102.5000,-8.500000,1870.000,-999,-999,-999,-999,-999,-999,-999,1.300000,-999,-999,
65150-94-9,974.0820,296.9450,74.38500,6.0528189E-02,9.9999997E-10,-999,-999,-999,7.1400001E-09,3.2199999E-08,6.4300004E-08,12.71000,4.544157,-999,
382-28-5,299.0430,48.70000,-67.90000,42464.66,1.016911,-999,-999,-999,7.1400001E-09,3.2199999E-08,6.4300004E-08,3.370000,0.7010436,-999,
1652-63-7,726.2300,422.7450,185.0150,1.8800000E-08,3.4100001E-05,-999,-999,-999,7.1400001E-09,3.2199999E-08,6.4300004E-08,3.415000,-6.212417,-999,
17527-29-6,418.1500,199.9900,-14.28500,43.98900,7.8390498E-04,-999,-999,-999,1.1000000E-07,1.1000000E-07,1.1000000E-07,5.560000,1.592738,58159.00,
67584-57-0,511.2500,288.1600,73.47000,5.3062156E-02,2.2599999E-05,-999,-999,-999,7.1400001E-09,3.2199999E-08,6.4300004E-08,5.595000,-2.585205,-999,
75198-93-5,490.3900,594.8450,277.4200,1.2150000E-06,8.2700001E-03,-999,-999,-999,7.1400001E-09,3.2199999E-08,6.4300004E-08,1.465000,-14.05149,-999,
119083-00-0,194.1130,267.4600,90.08000,0.4306300,13.94033,-999,-999,-999,3.4300001E-08,1.5400001E-07,3.0900000E-07,1.295000,-3.917520,-999,
375-95-1,464.0780,218.0000,45.00000,10.78955,1.3484800E-04,-999,-999,-999,7.1400001E-09,3.2199999E-08,6.4300004E-08,5.480000,1.290000,-999,
76201-56-4,650.4700,568.9650,236.3050,3.9999999E-17,0.3580000,-999,-999,-999,1.1300000E-06,1.1300000E-06,1.1300000E-06,-1.830000,-18.00186,170740.0,
559-11-5,404.1270,140.9800,-18.12000,4570.500,2.2248000E-04,-999,-999,-999,7.1400001E-09,3.2199999E-08,6.4300004E-08,5.200000,1.900106,-999,
335-76-2,514.0860,218.0000,51.60000,3.873157,1.5600001E-05,-999,-999,-999,7.1400001E-09,3.2199999E-08,6.4300004E-08,6.150000,2.010000,-999,
2927-83-5,232.0290,45.99000,-74.76500,29197.52,14.50681,-999,-999,-999,7.1400001E-09,3.2199999E-08,6.4300004E-08,2.255000,1.335035,-999,
375-01-9,200.0560,92.30000,-52.14500,4411.485,15.59063,-999,-999,-999,2.1400000E-08,9.6500003E-08,1.9300001E-07,1.940000,-6.4777315E-02,-999,
39492-89-2,312.0440,209.6000,35.35000,22.10000,6.826650,-999,-999,-999,7.1400001E-09,3.2199999E-08,6.4300004E-08,3.940000,-6.207000,-999,
1623-05-8,266.0380,29.47000,-97.80000,108124.1,0.2322563,-999,-999,-999,7.1400001E-09,3.2199999E-08,6.4300004E-08,3.450000,2.619979,-999,
862374-87-6,663.1020,286.5400,82.11000,0.1510000,1.2750000E-08,-999,-999,-999,7.1400001E-09,3.2199999E-08,6.4300004E-08,8.160000,4.173000,-999,
68140-21-6,444.2000,118.4700,-26.47000,2226.477,6.2665498E-07,-999,-999,-999,7.1400001E-09,3.2199999E-08,6.4300004E-08,7.570000,4.616000,-999,
56734-81-7,362.0900,128.9400,-33.71000,1400.000,1.3190360E-03,-999,-999,-999,7.1400001E-09,3.2199999E-08,6.4300004E-08,4.380000,2.065000,-999,
65104-63-4,1074.097,321.5200,91.05000,1.4798742E-02,9.9999997E-10,-999,-999,-999,7.1400001E-09,3.2199999E-08,6.4300004E-08,14.28000,4.879658,-999,
675868-33-4,530.1290,216.7200,35.31500,2.091156,3.7300000E-05,-999,-999,-999,7.1400001E-09,3.2199999E-08,6.4300004E-08,5.855000,-1.755225,-999,
42532-60-5,195.0400,63.97000,-21.83750,22394.40,0.1949845,-999,-999,-999,3.4999999E-07,3.4999999E-07,3.4999999E-07,3.100000,-1.676299,37732.00,
375-72-4,302.0900,100.0000,-19.28000,78527.61,8.3878979E-02,-999,-999,-999,7.1400001E-09,3.2199999E-08,6.4300004E-08,4.695000,1.932785,-999,
171978-95-3,613.0940,260.2900,89.92000,0.5730000,1.0600000E-07,-999,-999,-999,7.1400001E-09,3.2199999E-08,6.4300004E-08,7.490000,3.452000,-999,
13846-22-5,344.0560,96.14000,-73.61501,8545.940,0.7973411,-999,-999,-999,2.1400000E-08,9.6500003E-08,1.9300001E-07,4.025000,0.6288940,-999,
27603-25-4,232.2000,295.2400,111.3650,1.010701,340.1378,-999,-999,-999,2.1400000E-08,9.6500003E-08,1.9300001E-07,-0.2530000,-3.414689,-999,
372-31-6,184.1140,138.0000,-17.59500,838.3118,87.17279,-999,-999,-999,3.4300001E-08,1.5400001E-07,3.0900000E-07,0.7500000,-2.749049,-999,
72372-80-6,278.1180,85.28000,-65.33500,13045.56,1.2099000E-02,-999,-999,-999,7.1400001E-09,3.2199999E-08,6.4300004E-08,4.360000,1.975569,-999,
22052-86-4,214.0830,40.72500,-70.91000,72727.14,0.3465010,-999,-999,-999,2.1400000E-08,9.6500003E-08,1.9300001E-07,3.095000,1.845662,-999,
376-34-1,363.1030,188.0000,84.30000,23.19803,291.0000,-999,-999,-999,-999,-999,-999,4.230000,-4.638260,-999,
133881-46-6,454.0580,105.5300,-51.72500,6279.466,1.2600000E-05,-999,-999,-999,7.1400001E-09,3.2199999E-08,6.4300004E-08,5.605000,3.330083,-999,
19190-61-5,306.0800,117.9900,-56.47000,2279.430,0.2010000,-999,-999,-999,3.5000000E-06,3.5000000E-06,3.5000000E-06,2.650000,-0.8859500,71292.00,
68555-72-6,421.2300,267.9300,76.65500,8.1726387E-03,8.4205782E-03,-999,-999,-999,7.1400001E-09,3.2199999E-08,6.4300004E-08,4.045000,-4.217550,-999,
67584-55-8,411.2400,300.5400,97.01500,1.3303000E-03,1.7378008E-02,-999,-999,-999,3.5000000E-06,3.5000000E-06,3.5000000E-06,3.880000,-3.253532,98495.00,
101463-69-8,488.7700,497.0300,242.9800,3.7299999E-10,3.9800002E-06,1.8196852E-08,-999,1.3433781E-07,1.9300000E-08,1.9300000E-08,1.9300000E-08,5.925000,-9.543700,132020.0,
38850-58-7,650.4700,453.0350,221.3550,3.8799999E-17,2.9332636E-02,-999,-999,-999,7.1400001E-09,3.2199999E-08,6.4300004E-08,1.965000,-11.44504,-999,
34362-49-7,818.2170,283.6250,53.34000,7.8260012E-02,9.9999997E-10,-999,-999,-999,7.1400001E-09,3.2199999E-08,6.4300004E-08,10.71000,2.933617,-999,
70887-94-4,558.1140,263.4700,61.88000,0.8010000,7.4550002E-07,-999,-999,-999,7.1400001E-09,3.2199999E-08,6.4300004E-08,7.640000,2.930000,-999,
86404-63-9,223.1830,317.1100,106.0000,2.9115129E-02,19.66548,-999,-999,-999,2.1400000E-08,9.6500003E-08,1.9300001E-07,0.8830000,-5.035477,-999,
677-21-4,96.05200,-17.65000,-131.5450,565143.5,20.34315,-999,-999,-999,3.4300001E-08,1.5400001E-07,3.0900000E-07,1.855000,2.598843,-999,
39239-77-5,664.1530,251.3200,59.31500,0.7399905,1.9000000E-08,-999,-999,-999,7.1400001E-09,3.2199999E-08,6.4300004E-08,8.345000,0.3550546,-999,
374-27-6,146.0600,3.940000,-116.0100,366156.9,1.316582,-999,-999,-999,2.1400000E-08,9.6500003E-08,1.9300001E-07,2.815000,3.010560,-999,
862574-88-7,242.1800,331.0900,124.6950,3.2658500E-03,3.078991,-999,-999,-999,1.1300000E-06,1.1300000E-06,1.1300000E-06,2.400000,-8.189754,27739.00,
2806-16-8,638.2300,383.5800,142.9800,0.3140003,1.0063800E-04,-999,-999,-999,7.1400001E-09,3.2199999E-08,6.4300004E-08,4.615000,-4.455208,-999,
475-26-3,321.5700,330.4250,58.75000,2.5689874E-02,2.5757999E-04,-999,-999,-999,7.1400001E-09,3.2199999E-08,6.4300004E-08,5.630000,-1.766221,-999,
874288-98-9,302.9300,90.40000,-40.25000,7519.361,5.4642987E-02,-999,-999,-999,7.1400001E-09,3.2199999E-08,6.4300004E-08,4.350000,-1.077000,-999,
431-47-0,128.0500,40.22500,-80.28500,77995.53,224.5998,-999,-999,-999,3.4300001E-08,1.5400001E-07,3.0900000E-07,0.6690000,-0.4744086,-999,
159276-62-7,312.3100,319.9700,38.80850,5.1534999E-02,3.1374276E-02,-999,-999,-999,1.1300000E-06,1.1300000E-06,1.1300000E-06,3.850000,-5.496030,68133.00,
3872-25-1,388.1900,363.8800,133.7150,2.805001,4.786316,-999,-999,-999,7.1400001E-09,3.2199999E-08,6.4300004E-08,1.470000,-4.655827,-999,
176969-34-9,176.1200,315.9000,119.0950,1.9350000E-04,62.30000,-999,-999,-999,1.1300000E-06,1.1300000E-06,1.1300000E-06,1.020000,-6.548180,91641.00,
382-10-5,164.0500,-15.63500,-124.5800,403990.3,0.9030000,-999,-999,-999,2.1400000E-08,9.6500003E-08,1.9300001E-07,2.850000,2.869968,-999,
2218-54-4,236.0210,254.8600,67.50000,365.5001,1010.000,-999,-999,-999,2.1400000E-08,9.6500003E-08,1.9300001E-07,0.2750000,-0.8025914,-999,
455-14-1,161.1300,190.0200,9.580000,64.05065,9.070000,-999,-999,8.7122570E-10,1.1300000E-06,1.1300000E-06,1.1300000E-06,2.080000,-3.743400,52052.00,
423-65-4,600.1180,221.7550,42.49500,2.031544,5.4300000E-07,-999,-999,-999,7.1400001E-09,3.2199999E-08,6.4300004E-08,7.180000,-6.5342903E-02,-999,
136239-66-2,186.2000,210.2500,1.5650034E-02,37.32400,0.3691300,-999,-999,-999,1.1300000E-06,1.1300000E-06,1.1300000E-06,3.364500,-1.380733,41485.00,
559-29-5,304.0350,33.27500,-95.26000,72527.17,8.0939997E-03,-999,-999,-999,7.1400001E-09,3.2199999E-08,6.4300004E-08,4.525000,2.832540,-999,
75-38-7,64.03400,-40.36000,-144.0000,2492710.,100.0000,-999,-999,-999,1.1300000E-06,1.1300000E-06,1.1300000E-06,1.225000,0.9655421,18742.00,
118-83-2,225.5500,242.4200,31.00000,3.389000,0.2286633,-999,-999,-999,2.8600001E-08,2.8600001E-08,2.8600001E-08,3.230000,-2.251973,39015.00,
2043-55-2,373.9880,125.1650,-39.40500,1999.830,6.4699998E-05,-999,-999,-999,7.1400001E-09,3.2199999E-08,6.4300004E-08,5.020000,2.657482,-999,
68259-07-4,467.1500,301.8350,117.2750,0.7400895,3.3436800E-04,-999,-999,-999,7.1400001E-09,3.2199999E-08,6.4300004E-08,4.175000,-7.006534,-999,
151772-59-7,412.0590,224.3000,43.05500,1.921602,0.3886334,-999,-999,-999,7.1400001E-09,3.2199999E-08,6.4300004E-08,5.805000,-5.585741,-999,
3871-50-9,607.2100,366.2050,150.9350,4.8700000E-09,2.0635370E-03,-999,-999,-999,7.1400001E-09,3.2199999E-08,6.4300004E-08,4.210000,-2.820870,-999,
423-73-4,646.1190,285.4100,77.11000,0.1799850,5.4999997E-08,-999,-999,-999,7.1400001E-09,3.2199999E-08,6.4300004E-08,7.550000,3.874000,-999,
383-07-3,653.3500,325.9700,85.51000,2.4931210E-03,8.2899998E-09,-999,-999,-999,7.1400001E-09,3.2199999E-08,6.4300004E-08,8.040000,-1.348578,-999,
307-35-7,502.1100,154.1500,51.85350,551.8620,1.0232900E-04,-999,-999,-999,3.5000000E-06,3.5000000E-06,3.5000000E-06,6.920000,1.537510,55862.00,
68156-06-9,464.1200,161.4150,-0.1149998,106.5243,1.7500000E-06,-999,-999,-999,7.1400001E-09,3.2199999E-08,6.4300004E-08,7.705000,1.144204,-999,
86386-73-4,306.2800,528.8000,205.4350,1.6300000E-14,11.75264,-999,-999,0.0000000E+00,0.0000000E+00,0.0000000E+00,0.0000000E+00,0.6000000,-11.56048,201470.0,
145022-44-2,261.2400,-999,-999,-999,3830.000,-999,-999,-999,-999,-999,-999,-999,-999,-999,
464-36-8,554.0740,145.7350,-35.95500,1043.245,9.4900003E-08,-999,-999,-999,7.1400001E-09,3.2199999E-08,6.4300004E-08,8.110001,4.008295,-999,
141573-95-7,204.1800,288.4500,17.35500,1.8177999E-02,16.20000,-999,-999,-999,3.5000000E-06,3.5000000E-06,3.5000000E-06,1.610000,-3.919809,80959.00,
335-93-3,520.9300,160.1250,40.00000,546.9319,1.3040099E-04,-999,-999,-999,7.1400001E-09,3.2199999E-08,6.4300004E-08,4.170000,-4.688932,-999,
329-01-1,187.1200,164.5000,-21.49000,268.5995,0.8317637,1.6595492E-05,-999,-999,3.5000000E-06,3.5000000E-06,3.5000000E-06,3.560000,-1.575608,72612.00,
647-42-7,364.1000,174.1000,-20.02850,50.65400,6.0000001E-03,-999,-999,-999,3.3999999E-08,3.3999999E-08,3.3999999E-08,4.310000,-1.470000,68363.00,
375-81-5,352.0900,119.4750,-23.99500,1599.864,3.5976600E-03,-999,-999,-999,7.1400001E-09,3.2199999E-08,6.4300004E-08,4.135000,2.179799,-999,
68155-54-4,716.1080,173.6050,-58.26500,1677.857,9.9999997E-10,-999,-999,-999,7.1400001E-09,3.2199999E-08,6.4300004E-08,7.220000,2.328455,-999,
101513-70-6,228.9800,257.9400,54.07600,1.473900,0.2344229,-999,-999,-999,1.1300000E-07,1.1300000E-07,1.1300000E-07,3.500000,-2.117119,49774.00,
199119-58-9,459.3400,-999,-999,-999,0.2180000,-999,-999,-999,-999,-999,-999,-999,-999,-999,
25268-77-3,611.2700,292.0050,72.48500,0.8020021,1.2794433E-02,-999,-999,-999,7.1400001E-09,3.2199999E-08,6.4300004E-08,6.870000,-0.2180000,-999,
38006-74-5,634.7800,344.1600,178.3350,2.6100000E-07,2.6985700E-04,-999,-999,-999,7.1400001E-09,3.2199999E-08,6.4300004E-08,4.015000,-6.112417,-999,
120885-29-2,363.0550,180.9100,15.26000,83.35000,5.0810454E-03,-999,-999,-999,7.1400001E-09,3.2199999E-08,6.4300004E-08,4.150000,-0.1500000,-999,
76-19-7,188.0200,-36.84999,-136.3900,781000.0,0.1412538,-999,-999,-999,0.0000000E+00,0.0000000E+00,0.0000000E+00,2.774500,2.819500,21518.00,
743456-60-2,370.2110,336.4950,112.8950,3.3999998E-03,0.6806930,-999,-999,-999,7.1400001E-09,3.2199999E-08,6.4300004E-08,1.770000,-4.436475,-999,
68555-75-9,457.2100,260.1650,75.81000,2.0131622E-02,1.2436950E-03,-999,-999,-999,7.1400001E-09,3.2199999E-08,6.4300004E-08,4.260000,-3.939826,-999,
68259-11-0,281.0780,227.0750,86.87000,322.6502,64.35936,-999,-999,-999,7.1400001E-09,3.2199999E-08,6.4300004E-08,1.630000,-7.198214,-999,
15899-29-3,364.0620,177.9100,20.43000,107.1286,6.9466191E-03,-999,-999,-999,7.1400001E-09,3.2199999E-08,6.4300004E-08,4.600000,1.434277,-999,
6014-75-1,732.2280,269.8400,47.86500,0.2559782,9.9999997E-10,-999,-999,-999,7.1400001E-09,3.2199999E-08,6.4300004E-08,9.930000,2.312934,-999,
173350-69-1,486.0760,131.2350,-45.93000,2059.825,3.6500001E-06,-999,-999,-999,7.1400001E-09,3.2199999E-08,6.4300004E-08,6.715000,3.507514,-999,
2395-00-8,452.1600,292.9200,107.7300,16.93192,0.4443117,-999,-999,-999,7.1400001E-09,3.2199999E-08,6.4300004E-08,2.395000,-4.688932,-999,
6130-43-4,381.0930,176.0000,164.0000,17.06522,867.0000,-999,-999,-999,-999,-999,-999,-999,-999,-999,
68140-19-2,180.1400,70.46000,-83.30000,17198.54,0.3567670,-999,-999,-999,2.1400000E-08,9.6500003E-08,1.9300001E-07,3.140000,0.8930000,-999,
93957-50-7,307.3700,439.2700,167.4450,3.9900001E-06,1.4338091E-03,-999,-999,-999,1.1300000E-07,1.1300000E-07,1.1300000E-07,5.030000,-7.441221,94628.00,
382-26-3,232.0700,22.54001,-85.50450,110560.4,0.1860000,-999,-999,-999,1.1300000E-06,1.1300000E-06,1.1300000E-06,3.069100,0.8144894,36507.00,
125051-32-3,-999,-999,161.0000,0.0000000E+00,-999,-999,-999,-999,-999,-999,-999,9.500000,-999,-999,
26650-09-9,405.1800,221.2500,12.38640,14.66300,7.3532801E-04,-999,-999,-999,3.4999999E-07,3.4999999E-07,3.4999999E-07,5.360000,-1.087800,55957.00,
1187-93-5,166.0200,2.980011,-143.7750,214613.0,2.529876,-999,-999,-999,3.4999999E-07,3.4999999E-07,3.4999999E-07,2.200000,0.4095500,33961.00,
53826-13-4,578.1200,272.5700,71.38000,0.4030000,2.7350001E-07,-999,-999,-999,7.1400001E-09,3.2199999E-08,6.4300004E-08,7.310000,2.857500,-999,
865-86-1,564.1370,213.0000,37.40000,3.226393,1.4100000E-06,-999,-999,-999,7.1400001E-09,3.2199999E-08,6.4300004E-08,7.090000,-0.3648432,-999,
17741-60-5,618.1850,231.0000,43.91000,4.519616,1.2100000E-08,-999,-999,-999,7.1400001E-09,3.2199999E-08,6.4300004E-08,8.160000,1.191951,-999,
678-39-7,464.1220,183.0000,23.50000,13.00000,7.2601797E-05,-999,-999,-999,7.1400001E-09,3.2199999E-08,6.4300004E-08,5.750000,2.229000,-999,
88374-05-4,232.2300,292.0000,68.40450,0.1231692,0.1517461,-999,-999,-999,1.1300000E-06,1.1300000E-06,1.1300000E-06,3.230000,-4.167941,54483.00,
57678-07-6,744.1320,270.6500,110.3000,6.1894283E-02,1.8000000E-09,-999,-999,-999,7.1400001E-09,3.2199999E-08,6.4300004E-08,6.655000,-3.394202,-999,
54910-89-3,309.3300,347.2300,29.77350,3.3591599E-03,0.1552032,-999,-999,0.0000000E+00,2.2000000E-07,2.2000000E-07,2.2000000E-07,4.310000,-5.268300,93728.00,
756-13-8,316.0460,62.40000,-68.80000,55779.14,0.1295697,-999,-999,-999,7.1400001E-09,3.2199999E-08,6.4300004E-08,3.775000,2.290292,-999,
307-55-1,614.1010,248.0000,89.92000,1.046435,2.1100000E-07,-999,-999,-999,7.1400001E-09,3.2199999E-08,6.4300004E-08,7.490000,3.450000,-999,
307-24-4,314.0540,157.0000,23.07000,193.3169,9.0127289E-02,-999,-999,-999,7.1400001E-09,3.2199999E-08,6.4300004E-08,3.480000,-2.732805,-999,
111493-74-4,222.1670,241.7950,68.28500,3.886336,7.617693,-999,-999,-999,3.4300001E-08,1.5400001E-07,3.0900000E-07,1.945000,-1.938250,-999,
661-95-0,309.8400,97.92999,-5.178500,6265.100,0.1584893,-999,-999,-999,1.1300000E-07,1.1300000E-07,1.1300000E-07,3.930000,1.540371,40087.00,
16486-94-5,564.0930,240.9150,59.06500,2.544835,1.2600000E-06,-999,-999,-999,7.1400001E-09,3.2199999E-08,6.4300004E-08,7.320000,-0.8511883,-999,
98-17-9,162.1100,177.8500,29.90000,81.17970,36.83302,-999,-999,0.0000000E+00,3.4900001E-09,3.4900001E-09,3.4900001E-09,2.710000,-3.732369,51363.00,
119895-68-0,186.1100,241.5100,49.53200,2.986700,4.476761,-999,-999,-999,1.1300000E-06,1.1300000E-06,1.1300000E-06,2.120000,-5.597589,12826.00,
45298-90-6,499.1200,224.1400,61.45000,1.421500,2.0816601E-04,-999,-999,-999,7.1400001E-09,3.2199999E-08,6.4300004E-08,3.630000,-3.037056,-999,
354-32-5,132.4700,-19.62000,-76.81000,501707.9,758.0000,-999,-999,-999,1.1300000E-07,1.1300000E-07,1.1300000E-07,1.580000,-2.275800,5111.400,
914637-49-3,342.1080,193.5750,37.76000,18.80000,7.8191683E-03,-999,-999,-999,7.1400001E-09,3.2199999E-08,6.4300004E-08,4.595000,-2.616838,-999,
40143-76-8,400.0320,231.1300,85.47500,7.3865913E-02,1.8621011E-02,-999,-999,-999,7.1400001E-09,3.2199999E-08,6.4300004E-08,2.790000,-5.287283,-999,
507448-65-9,197.1600,201.5600,-7.951000,48.21800,127.9063,-999,-999,-999,3.5000000E-06,3.5000000E-06,3.5000000E-06,2.070000,-4.646880,71789.00,
423-82-5,625.3000,309.9350,89.77499,1.1800000E-02,7.1004574E-04,-999,-999,-999,7.1400001E-09,3.2199999E-08,6.4300004E-08,7.455000,-1.865224,-999,
308-48-5,454.0580,102.0000,-87.30000,5019.573,7.0500000E-06,-999,-999,-999,7.1400001E-09,3.2199999E-08,6.4300004E-08,6.890000,3.332297,-999,
121451-05-6,-999,-999,-22.70000,6.3000001E-02,-999,-999,-999,-999,-999,-999,1.7800000E-06,3.400000,-999,-999,
68555-77-1,384.2600,267.0050,86.94500,0.3293054,0.3207464,-999,-999,-999,7.1400001E-09,3.2199999E-08,6.4300004E-08,3.525000,-4.343950,-999,
67939-97-3,1121.480,385.0000,126.6350,2.7500000E-06,9.9999997E-10,-999,-999,-999,7.1400001E-09,3.2199999E-08,6.4300004E-08,7.620000,-7.803417,-999,
163702-08-7,250.0640,20.03000,-95.90000,120656.4,0.1389164,-999,-999,-999,7.1400001E-09,3.2199999E-08,6.4300004E-08,3.230000,1.605000,-999,
196859-54-8,563.0860,255.8300,61.23000,1.210000,9.1049998E-07,-999,-999,-999,7.1400001E-09,3.2199999E-08,6.4300004E-08,6.820000,2.732000,-999,
73609-36-6,461.1200,104.0000,-24.56000,2300.997,1.6499999E-06,-999,-999,-999,7.1400001E-09,3.2199999E-08,6.4300004E-08,7.410000,3.331570,-999,
376-06-7,714.1170,280.3500,89.46500,0.3842197,2.8300000E-09,-999,-999,-999,7.1400001E-09,3.2199999E-08,6.4300004E-08,9.120000,0.2346299,-999,
96383-55-0,452.5900,235.0000,7.756300,7.735300,2.0561001E-04,-999,-999,-999,3.5000000E-06,3.5000000E-06,3.5000000E-06,6.050000,1.424450,73704.00,
76-13-1,187.3700,47.75000,-46.90000,48331.35,0.7120000,-999,-999,-999,2.1400000E-08,9.6500003E-08,1.9300001E-07,3.125000,2.628374,-999,
52299-25-9,502.0300,211.0800,10.43000,19.92835,3.0300001E-04,-999,-999,-999,1.1300000E-07,1.1300000E-07,1.1300000E-07,5.630000,-2.767063,-999,
354-33-6,120.0200,-54.86000,-103.0000,949096.0,7.230000,-999,-999,-999,0.0000000E+00,0.0000000E+00,0.0000000E+00,1.440000,1.434400,18818.00,
50650-59-4,163.0990,257.3550,96.35000,2.313999,101.2269,-999,-999,-999,3.4300001E-08,1.5400001E-07,3.0900000E-07,0.6630000,-3.615981,-999,
1691-99-2,571.2500,284.8450,67.20000,1.334845,1.3364000E-04,-999,-999,-999,7.1400001E-09,3.2199999E-08,6.4300004E-08,6.000000,-1.631000,-999,
958445-54-0,392.0970,167.1200,-9.180000,238.6464,1.3972818E-02,-999,-999,-999,7.1400001E-09,3.2199999E-08,6.4300004E-08,3.850000,-2.054000,-999,
67584-42-3,500.2200,475.5100,201.1600,2.0900001E-07,2.3309786E-02,-999,-999,-999,7.1400001E-09,3.2199999E-08,6.4300004E-08,1.740000,-999,-999,
423-39-2,345.9340,69.00000,-67.43500,21464.84,7.1458699E-04,-999,-999,-999,7.1400001E-09,3.2199999E-08,6.4300004E-08,4.275000,3.555102,-999,
19064-18-7,144.1210,185.0000,16.55500,35.84747,225.4494,-999,-999,-999,2.1400000E-08,9.6500003E-08,1.9300001E-07,1.185000,-2.581936,-999,
870778-34-0,346.1160,94.41500,-46.30500,22771.40,1.0030000E-03,-999,-999,-999,7.1400001E-09,3.2199999E-08,6.4300004E-08,4.795000,2.447375,-999,
55283-68-6,333.2700,378.1400,55.50000,1.0508000E-03,1.9056021E-03,-999,-999,0.0000000E+00,3.0100001E-08,3.0100001E-08,3.0100001E-08,5.050000,-2.645500,40489.00,
3793-74-6,631.1320,243.0000,88.40000,1.520000,132.0000,-999,-999,-999,-999,-999,-999,7.830000,-4.435570,-999,
126105-34-8,599.1300,230.2450,68.65000,0.8431134,2.7999999E-06,-999,-999,-999,7.1400001E-09,3.2199999E-08,6.4300004E-08,4.510000,-1.681104,-999,
2706-89-0,286.0280,267.0000,79.05500,322.6393,372.6908,-999,-999,-999,2.1400000E-08,9.6500003E-08,1.9300001E-07,1.165000,-3.038215,-999,
90076-65-6,287.0800,398.2400,224.5000,12.46561,46.20000,-999,-999,-999,7.1400001E-09,3.2199999E-08,6.4300004E-08,1.365000,0.5040272,-999,
52238-92-3,930.4800,892.1500,349.8400,1.4950000E-30,1.4300001E-16,-999,-999,-999,1.1300000E-07,1.1300000E-07,1.1300000E-07,13.94100,-20.68210,301630.0,
4021-47-0,522.1100,348.8000,122.7650,0.5200004,9.7948713E-03,-999,-999,-999,7.1400001E-09,3.2199999E-08,6.4300004E-08,3.340000,-3.037056,-999,
68140-18-1,180.1400,70.46000,-83.30000,17198.54,0.3567670,-999,-999,-999,2.1400000E-08,9.6500003E-08,1.9300001E-07,3.140000,0.8930000,-999,
79538-32-2,418.7400,338.2700,89.04800,1.0616427E-02,1.5800000E-05,-999,-999,0.0000000E+00,1.3300000E-08,1.3300000E-08,1.3300000E-08,5.900000,-1.722985,62753.00,
1996-88-9,532.1970,216.5000,11.68500,21.46484,2.4299999E-07,-999,-999,-999,7.1400001E-09,3.2199999E-08,6.4300004E-08,7.390000,1.001572,-999,
83121-18-0,381.1100,422.1650,222.5000,1.3200000E-08,1.2022600E-04,-999,4.5734177E-11,1.8693289E-09,3.4999999E-07,3.4999999E-07,3.4999999E-07,4.675000,-7.780200,131400.0,
70225-14-8,605.2600,376.0600,135.4950,0.5200000,2.1300000E-05,-999,-999,-999,7.1400001E-09,3.2199999E-08,6.4300004E-08,4.545000,-9.752556,-999,
80475-32-7,528.3300,464.1100,195.8300,4.6500000E-07,2.2834699E-04,-999,-999,-999,7.1400001E-09,3.2199999E-08,6.4300004E-08,3.850000,-9.131000,-999,
1895-26-7,1190.239,339.6850,69.29500,7.7506504E-04,9.9999997E-10,-999,-999,-999,7.1400001E-09,3.2199999E-08,6.4300004E-08,13.99000,1.448628,-999,
354-58-5,187.3800,49.28000,-10.63300,41812.21,0.6606935,-999,-999,-999,2.4200000E-08,2.4200000E-08,2.4200000E-08,3.090000,1.038172,28065.00,
45048-62-2,213.0310,122.0950,-10.76500,1424.500,3.964024,-999,-999,-999,2.1400000E-08,9.6500003E-08,1.9300001E-07,2.140000,-2.313000,-999,
25291-17-2,346.0910,99.15000,-64.52000,7032.943,2.3849199E-04,-999,-999,-999,7.1400001E-09,3.2199999E-08,6.4300004E-08,5.560000,4.073520,-999,
2144-53-8,432.1800,219.9800,-8.297500,17.04600,3.5665699E-04,-999,-999,-999,1.9100000E-07,1.9100000E-07,1.9100000E-07,6.130000,1.809350,53469.00,
59587-38-1,466.2500,347.1250,138.4200,0.6866084,0.9218231,-999,-999,-999,7.1400001E-09,3.2199999E-08,6.4300004E-08,2.545000,-4.727112,-999,
356-47-8,316.0460,61.63000,-69.23000,20598.25,7.2490000E-03,-999,-999,-999,7.1400001E-09,3.2199999E-08,6.4300004E-08,4.305000,2.239260,-999,
68954-01-8,765.9200,710.0900,310.7400,6.5099998E-19,4.3000000E-06,-999,-999,-999,7.1400001E-09,3.2199999E-08,6.4300004E-08,6.290000,-17.57600,-999,
68694-11-1,345.7600,417.5500,63.50000,1.2206900E-04,0.3467368,-999,-999,0.0000000E+00,1.3400000E-08,1.3400000E-08,1.3400000E-08,4.510000,-5.758300,129550.0,
76-05-1,114.0200,105.7200,-16.16700,13738.14,8128.305,-999,-999,-999,3.5000000E-06,3.5000000E-06,3.5000000E-06,0.6600000,-3.754089,61375.00,
83164-33-4,394.3000,437.9700,160.0000,5.3500003E-07,5.5100000E-04,-999,-999,0.0000000E+00,0.0000000E+00,0.0000000E+00,0.0000000E+00,4.170000,-9.811813,102340.0,
1869-24-5,225.1900,320.5400,-8.575001,2.8081000E-02,8.128305,-999,-999,-999,3.4999999E-07,3.4999999E-07,3.4999999E-07,1.130000,-4.330400,76556.00,
2043-54-1,674.0350,227.5500,27.74500,12.66559,9.9999997E-10,-999,-999,-999,7.1400001E-09,3.2199999E-08,6.4300004E-08,8.935000,3.374446,-999,
675-62-7,211.0900,115.7900,-59.03000,3071.899,0.2030000,-999,-999,-999,3.4999999E-08,3.4999999E-08,3.4999999E-08,4.190000,-0.4398851,-999,
63967-40-8,448.0790,145.8700,-15.35000,2216.669,1.1672000E-04,-999,-999,-999,7.1400001E-09,3.2199999E-08,6.4300004E-08,5.615000,2.508041,-999,
1228350-17-1,446.2080,198.7900,7.160000,51.10000,2.7392500E-06,-999,-999,-999,7.1400001E-09,3.2199999E-08,6.4300004E-08,6.810000,2.641000,-999,
121-17-5,225.5500,242.4200,31.00000,15.72940,0.1621810,-999,-999,-999,1.1300000E-06,1.1300000E-06,1.1300000E-06,3.035000,-2.319200,39015.00,
355-43-1,445.9500,118.0000,-43.75000,6810.000,9.6200001E-06,-999,-999,-999,7.1400001E-09,3.2199999E-08,6.4300004E-08,5.735000,3.931963,-999,
1082065-80-2,192.1410,217.5750,55.20500,12.80557,14.73657,-999,-999,-999,2.1400000E-08,9.6500003E-08,1.9300001E-07,1.620000,-2.111460,-999,
352-87-4,168.1150,101.0300,-54.51500,5138.100,17.37501,-999,-999,-999,3.4300001E-08,1.5400001E-07,3.0900000E-07,1.675000,-1.220302,-999,
56773-42-3,629.3700,-999,-999,-999,8.5700002E-08,-999,-999,-999,-999,-999,-999,-999,-999,-999,
134605-64-4,474.8200,534.7000,203.0500,5.2600000E-09,5.1286141E-03,-999,-999,4.3117882E-07,9.9200001E-08,9.9200001E-08,9.9200001E-08,3.635000,-10.03569,87392.00,
4234-23-5,581.1240,218.0000,165.0000,3.090000,267.0000,-999,-999,-999,-999,-999,-999,4.840000,-4.440400,-999,
1334513-02-8,453.3000,290.0000,124.0000,0.0000000E+00,-999,-999,-999,-999,-999,-999,-999,4.100000,-999,-999,
75-68-3,100.5000,-13.75000,-130.8000,343914.0,19.49353,1.3187731E-10,-999,-999,1.6400000E-08,1.6400000E-08,1.6400000E-08,1.750000,0.7449726,22035.00,
76674-21-0,301.3000,464.9800,164.4500,1.1236250E-08,0.9015267,-999,-999,0.0000000E+00,0.0000000E+00,0.0000000E+00,0.0000000E+00,2.300000,-8.986300,148350.0,
27314-13-2,303.6700,345.1900,159.2600,4.9574999E-05,6.5709487E-02,-999,-999,-999,3.5000000E-06,3.5000000E-06,3.5000000E-06,2.350000,-8.291300,107930.0,
70969-47-0,823.8000,820.9100,349.8400,2.2699999E-18,1.0365000E-08,-999,-999,-999,7.1400001E-09,3.2199999E-08,6.4300004E-08,6.630000,-19.37100,-999,
348-57-2,192.9910,152.3900,-13.40000,609.4685,2.194506,-999,-999,-999,2.1400000E-08,9.6500003E-08,1.9300001E-07,3.175000,1.130847,-999,
117-89-5,407.5000,407.0000,184.0000,4.5449997E-06,2.9899999E-02,-999,-999,-999,7.1400001E-09,3.2199999E-08,6.4300004E-08,5.030000,-5.120446,-999,
69681-37-4,545.0960,254.5700,56.17000,1.439878,4.0609448E-06,-999,-999,-999,-999,-999,-999,6.210000,2.433000,-999,
2923-93-5,650.6790,529.5300,252.5200,2.4800000E-15,9.9999997E-10,-999,-999,-999,7.1400001E-09,3.2199999E-08,6.4300004E-08,10.18000,-8.437189,-999,
53826-12-3,378.0890,194.4800,34.25000,25.08261,3.0151629E-03,-999,-999,-999,7.1400001E-09,3.2199999E-08,6.4300004E-08,4.800000,-2.341419,-999,
94094-26-5,744.9400,546.8650,166.6900,2.7600000E-11,7.1500000E-10,-999,-999,-999,7.1400001E-09,3.2199999E-08,6.4300004E-08,13.09000,-4.062765,-999,
67584-54-7,534.2800,276.7050,92.33000,0.1413213,9.3800001E-05,-999,-999,-999,7.1400001E-09,3.2199999E-08,6.4300004E-08,5.670000,-3.647606,-999,
338-84-1,821.1190,227.6050,21.77500,2.679772,9.9999997E-10,-999,-999,-999,7.1400001E-09,3.2199999E-08,6.4300004E-08,11.15500,2.816494,-999,
432-50-7,400.1100,-999,-999,-999,2.3293791E-03,-999,-999,-999,7.1400001E-09,3.2199999E-08,6.4300004E-08,3.160000,-1.790000,-999,
22715-45-3,263.0870,151.0000,69.20000,173.3186,325.0000,-999,-999,-999,-999,-999,-999,2.880000,-3.645980,-999,
54739-18-3,318.3400,352.8900,36.00850,2.5460301E-03,0.1148154,-999,-999,0.0000000E+00,2.0900001E-07,2.0900001E-07,2.0900001E-07,3.040000,-6.694320,90053.00,
429-67-4,624.7170,265.7650,38.18500,1.084117,9.9999997E-10,-999,-999,-999,7.1400001E-09,3.2199999E-08,6.4300004E-08,10.42500,2.460054,-999,
83066-88-0,327.2600,402.2500,46.92000,1.9380001E-05,0.1707205,1.2882435E-07,-999,4.3561285E-10,0.0000000E+00,0.0000000E+00,0.0000000E+00,2.878350,-8.685275,100140.0,
151213-15-9,389.4000,596.9100,252.1900,5.2900002E-12,0.2605547,-999,-999,-999,3.4999999E-07,3.4999999E-07,3.4999999E-07,1.070000,-16.59855,143250.0,
365971-87-5,713.1090,300.7000,92.03000,5.6499999E-02,1.9199999E-09,-999,-999,-999,7.1400001E-09,3.2199999E-08,6.4300004E-08,8.830000,4.893000,-999,
68134-22-5,405.3400,526.0450,251.1100,4.8799999E-11,9.3325432E-03,-999,-999,-999,1.1300000E-06,1.1300000E-06,1.1300000E-06,3.170000,-17.65870,212230.0,
407-25-0,210.0300,15.38000,-69.72500,58652.00,5.495409,-999,-999,-999,3.5000000E-06,3.5000000E-06,3.5000000E-06,1.747900,-1.629537,46998.00,
24448-09-7,557.2200,261.0000,83.00000,1.0700000E-02,1.0900000E-05,-999,-999,-999,7.1400001E-09,3.2199999E-08,6.4300004E-08,5.510000,-1.754000,-999,
1696259-63-8,295.0570,163.5100,13.61000,283.9759,0.2000590,-999,-999,-999,2.1400000E-08,9.6500003E-08,1.9300001E-07,2.870000,-1.171000,-999,
40143-79-1,902.1010,247.8750,44.79000,2.712500,9.9999997E-10,-999,-999,-999,7.1400001E-09,3.3199999E-08,6.4300004E-08,10.52000,-1.3847351E-03,-999,
63967-42-0,548.0940,188.7100,7.840000,84.10000,7.8549999E-07,-999,-999,-999,7.1400001E-09,3.2199999E-08,6.4300004E-08,6.570000,4.824000,-999,
692-49-9,164.0500,8.740021,-109.7565,179039.2,0.2290868,-999,-999,-999,1.1300000E-06,1.1300000E-06,1.1300000E-06,2.410000,1.815400,25634.00,
638-79-9,395.9420,95.60001,-51.65000,16765.00,8.2899998E-05,-999,-999,-999,7.1400001E-09,3.2199999E-08,6.4300004E-08,5.100000,3.898446,-999,
375-85-9,364.0620,178.0000,26.30000,57.99507,108.5050,-999,-999,-999,7.1400001E-09,3.2199999E-08,6.4300004E-08,4.150000,-0.1500000,-999,
141074-63-7,764.1250,314.0600,101.6000,2.2000000E-02,5.1644997E-06,-999,-999,-999,7.1400001E-09,3.2199999E-08,6.4300004E-08,9.500000,5.618000,-999,
41997-13-1,399.1300,199.4350,47.88500,97.30000,1.1978550E-03,-999,-999,-999,7.1400001E-09,3.2199999E-08,6.4300004E-08,4.410000,-2.099224,-999,
37595-74-7,357.2400,338.0050,101.0000,0.1375572,0.2500000,-999,-999,-999,7.1400001E-09,3.2199999E-08,6.4300004E-08,4.145000,-1.017043,-999,
577705-90-9,-999,-999,55.55000,0.5332895,-999,-999,-999,-999,-999,-999,4.1300001E-07,2.980000,-999,-999,
27619-89-2,446.6100,237.7600,57.39000,9.331000,7.0794602E-04,-999,-999,-999,1.1300000E-06,1.1300000E-06,1.1300000E-06,5.180000,-1.042950,59193.00,
1978-24-1,416.0610,116.9850,-40.55500,2313.136,1.4030000E-03,-999,-999,-999,7.1400001E-09,3.2199999E-08,6.4300004E-08,4.470000,2.954057,-999,
68310-12-3,1014.164,288.1500,96.51500,1.6754501E-02,9.9999997E-10,-999,-999,-999,7.1400001E-09,3.2199999E-08,6.4300004E-08,10.13500,2.669995,-999,
68412-68-0,500.0500,260.0000,56.58000,6.9460765E-02,1.2600749E-04,-999,-999,-999,7.1400001E-09,3.2199999E-08,6.4300004E-08,4.400000,-3.363000,-999,
423-46-1,300.0710,113.4900,-18.58500,1205.500,0.2227140,-999,-999,-999,7.1400001E-09,3.2199999E-08,6.4300004E-08,3.315000,-1.827042,-999,
1125812-58-9,276.5600,199.7950,36.25500,82.17727,4.2233150E-02,-999,-999,-999,7.1400001E-09,3.2199999E-08,6.4300004E-08,3.990000,0.1760715,-999,
65104-67-8,864.1840,297.5550,83.44000,9.5858501E-04,9.9999997E-10,-999,-999,-999,7.1400001E-09,3.2199999E-08,6.4300004E-08,10.85000,2.270023,-999,
640731-95-9,356.1600,206.8100,5.460000,4.192976,8.6397000E-02,-999,-999,-999,7.1400001E-09,3.2199999E-08,6.4300004E-08,3.495000,-1.674172,-999,
191614-02-5,160.1240,201.7800,45.27000,26.98262,164.8722,-999,-999,-999,3.4300001E-08,1.5400001E-07,3.0900000E-07,0.5945000,-2.096386,-999,
52334-81-3,181.5400,169.0700,16.04500,245.2720,2.963204,-999,-999,-999,3.4999999E-07,3.4999999E-07,3.4999999E-07,2.430000,-1.629550,51057.00,
45285-51-6,413.0630,196.3850,41.14000,44.65000,5.8510405E-04,-999,-999,-999,7.1400001E-09,3.2199999E-08,6.4300004E-08,4.810000,0.5700000,-999,
14650-24-9,625.3000,305.5900,86.52500,1.6265284E-02,8.1899998E-08,-999,-999,-999,7.1400001E-09,3.2199999E-08,6.4300004E-08,7.240000,-1.451670,-999,
189300-85-4,192.1410,212.9850,49.23000,18.33178,52.31575,-999,-999,-999,2.1400000E-08,9.6500003E-08,1.9300001E-07,1.180000,-2.411195,-999,
4149-60-4,481.1090,190.0000,165.0000,9.839164,845.0000,-999,-999,-999,-999,-999,-999,3.120000,-4.779439,-999,
70887-88-6,358.0830,194.0000,22.24000,64.80000,4.1452008E-03,-999,-999,-999,7.1400001E-09,3.2199999E-08,6.4300004E-08,4.300000,-0.6720000,-999,
60270-55-5,488.2100,368.6600,139.2300,0.7399376,6.4439483E-02,-999,-999,-999,7.1400001E-09,3.2199999E-08,6.4300004E-08,2.685000,-4.625068,-999,
75-37-6,66.05000,-24.70000,-117.9900,546592.6,85.60001,-999,-999,-999,1.1300000E-06,1.1300000E-06,1.1300000E-06,0.7800000,0.1825600,18991.00,
679-12-9,196.0480,121.9800,-13.39000,1906.505,17.86960,-999,-999,-999,3.4300001E-08,1.5400001E-07,3.0900000E-07,1.530000,-2.611000,-999,
13311-84-7,276.2200,381.2400,106.6825,1.4796300E-04,3.4199998E-02,-999,-999,0.0000000E+00,0.0000000E+00,0.0000000E+00,0.0000000E+00,3.245000,-7.816729,84443.00,
1799-84-4,332.1660,144.2750,-17.33500,947.9194,1.3402940E-03,-999,-999,-999,7.1400001E-09,3.2199999E-08,6.4300004E-08,4.690000,0.5698107,-999,
73829-36-4,513.0780,239.2800,50.26000,3.600000,7.8546045E-06,-999,-999,-999,7.1400001E-09,3.2199999E-08,6.4300004E-08,6.150000,2.011000,-999,
2043-47-2,264.0910,113.3900,-43.71000,1330.000,0.3672246,-999,-999,-999,7.1400001E-09,3.2199999E-08,6.4300004E-08,3.185000,-2.110886,-999,
63863-43-4,422.0980,178.0000,-16.56500,115.3235,2.0785931E-02,-999,-999,-999,7.1400001E-09,3.2199999E-08,6.4300004E-08,5.015000,-1.911998,-999,
445-03-4,195.5700,221.6400,31.94000,12.98342,1.479108,-999,-999,-999,1.1300000E-06,1.1300000E-06,1.1300000E-06,2.740000,-3.945700,54904.00,
152914-73-3,432.0850,186.0850,4.720000,11.44569,1.3530001E-03,-999,-999,-999,7.1400001E-09,3.2199999E-08,6.4300004E-08,5.505000,-3.860075,-999,
57678-03-2,544.1010,258.2000,112.7050,1.1669290E-03,9.9400004E-06,-999,-999,-999,7.1400001E-09,3.2199999E-08,6.4300004E-08,5.750000,-4.818548,-999,
383-63-1,142.0800,61.85001,-78.19350,24697.82,56.70000,3.1856533E-05,1.5160700E-13,1.3991577E-03,6.8499997E-07,6.8499997E-07,6.8499997E-07,1.190000,-1.164700,50693.00,
359-11-5,82.02500,-47.30000,-141.3350,1000624.,161.6580,-999,-999,-999,8.5700002E-08,3.8600001E-07,7.7200002E-07,1.205000,1.896396,-999,
79241-46-6,383.3700,404.0100,9.000000,4.2394502E-04,1.5653290E-03,6.5523528E-07,-999,1.8784476E-07,1.1300000E-06,1.1300000E-06,1.1300000E-06,4.360950,-5.809927,95202.00,
39492-88-1,246.0370,169.3100,8.430000,216.0000,47.67372,-999,-999,-999,2.1400000E-08,9.6500003E-08,1.9300001E-07,2.630000,-4.871000,-999,
68391-08-2,360.1400,167.4400,-7.720000,66.92764,1.0024596E-03,-999,-999,-999,7.1400001E-09,3.2199999E-08,6.4300004E-08,5.140000,0.6110000,-999,
72629-94-8,664.1090,260.7000,97.05500,0.6514511,2.4400000E-08,-999,-999,-999,7.1400001E-09,3.2199999E-08,6.4300004E-08,8.160000,4.170000,-999,
1696259-88-7,845.1420,337.5000,114.8000,4.5059999E-03,5.0990001E-10,-999,-999,-999,7.1400001E-09,3.2199999E-08,6.4300004E-08,10.23000,6.758000,-999,
373-06-7,714.1200,-999,-999,-999,-999,-999,-999,-999,7.1400001E-09,3.2199999E-08,6.4300004E-08,8.830000,4.890000,-999,
42874-03-3,361.7000,386.8500,84.00000,4.5502998E-04,6.4565398E-04,-999,-999,0.0000000E+00,3.4900001E-08,3.4900001E-08,3.4900001E-08,4.530950,-5.017200,30860.00,
16627-71-7,332.0890,98.00999,-69.65000,11985.65,9.2749996E-03,-999,-999,-999,7.1400001E-09,3.2199999E-08,6.4300004E-08,3.845000,2.393570,-999,
756-12-7,266.0300,56.35001,-31.44545,32125.30,0.1342104,-999,-999,-999,1.1300000E-06,1.1300000E-06,1.1300000E-06,3.198500,-5.1749974E-02,-10070.00,
355-37-3,320.0530,66.00000,-87.58000,30019.45,1.3094710E-03,-999,-999,-999,7.1400001E-09,3.2199999E-08,6.4300004E-08,4.410000,4.036311,-999,
163702-07-6,250.0640,32.11500,-85.70000,120656.4,0.1335658,-999,-999,-999,7.1400001E-09,3.2199999E-08,6.4300004E-08,3.540000,2.318011,-999,
1072957-71-1,398.2300,444.0800,184.3650,1.0824500E-07,4.7613191E-03,-999,-999,-999,2.1400000E-08,9.6500003E-08,1.9300001E-07,4.305000,-6.178702,-999,
80793-17-5,348.1000,99.07001,-81.30000,5922.100,6.4699998E-05,-999,-999,-999,2.9500000E-09,2.9500000E-09,2.9500000E-09,5.360000,4.216050,35588.00,
35037-73-1,203.1200,185.9500,17.87100,96.37590,0.2517477,1.6595492E-05,-999,-999,1.1300000E-06,1.1300000E-06,1.1300000E-06,3.414900,-2.373921,67310.00,
685-63-2,162.0340,6.000000,-132.0000,203491.0,6.776356,-999,-999,-999,8.5700002E-08,3.8600001E-07,7.7200002E-07,2.245000,1.026293,-999,
2965-52-8,1204.460,447.5000,99.13499,2.3700000E-08,9.9999997E-10,-999,-999,-999,7.1400001E-09,3.2199999E-08,6.4300004E-08,12.25000,-2.921043,-999,
50598-28-2,484.2800,14147.00,91.64000,0.1866508,8.0883002E-04,-999,-999,-999,7.1400001E-09,3.2199999E-08,6.4300004E-08,4.865000,-3.502885,-999,
57589-85-2,915.2100,643.1500,261.9200,4.8300001E-19,9.9999997E-10,-999,-999,-999,7.1400001E-09,3.2199999E-08,6.4300004E-08,8.450000,-5.897373,-999,
355-70-4,382.0970,108.2000,-52.97500,7992.653,2.9000000E-04,-999,-999,-999,7.1400001E-09,3.2199999E-08,6.4300004E-08,5.160000,2.745375,-999,
98967-40-9,325.3000,494.2200,248.9100,3.7100001E-10,0.8971719,-999,-999,0.0000000E+00,3.7299999E-09,3.7299999E-09,3.7299999E-09,1.613550,-10.99587,158260.0,
70281-93-5,609.3000,424.4050,172.7250,0.3519701,5.2338750E-03,-999,-999,-999,7.1400001E-09,3.2199999E-08,6.4300004E-08,3.785000,-4.495973,-999,
36097-07-1,468.3400,236.1600,34.56000,5.910000,6.1074996E-07,-999,-999,-999,7.1400001E-09,3.2199999E-08,6.4300004E-08,7.380000,2.171000,-999,
851725-98-9,204.1770,243.5100,63.43000,2.159150,25.50000,-999,-999,-999,8.5700002E-08,3.8600001E-07,7.7200002E-07,1.480000,-2.586565,-999,
1158182-60-5,1090.223,301.5350,64.42500,1.1250020E-03,9.9999997E-10,-999,-999,-999,7.1400001E-09,3.2199999E-08,6.4300004E-08,10.46000,0.7115426,-999,
428-59-1,166.0200,-16.60999,-72.50500,551862.0,6.165950,-999,-999,-999,3.4999999E-07,3.4999999E-07,3.4999999E-07,1.750000,-0.3929311,20426.00,
30334-69-1,299.1100,193.8600,42.18500,81.15000,0.4220521,-999,-999,-999,7.1400001E-09,3.2199999E-08,6.4300004E-08,2.810000,-2.736327,-999,
497833-04-2,178.1140,199.8650,42.78000,25.75781,49.40431,-999,-999,-999,3.4300001E-08,1.5400001E-07,3.0900000E-07,1.195000,-1.078586,-999,
919005-14-4,378.0700,203.6400,41.82500,6.770000,0.1979157,-999,-999,-999,7.1400001E-09,3.2199999E-08,6.4300004E-08,3.760000,-4.637265,-999,
61213-25-0,312.1200,376.0300,55.60000,1.3130601E-03,8.8719085E-02,-999,-999,-999,3.4999999E-07,3.4999999E-07,3.4999999E-07,3.150000,-5.363260,66946.00,
320-51-4,195.5700,216.8200,33.12000,9.959705,1.203661,-999,-999,-999,2.1400000E-08,9.6500003E-08,1.9300001E-07,2.775000,-1.616293,-999,
1897-52-5,139.1000,181.9800,11.44000,93.97650,7.260000,-999,-999,-999,3.4999999E-07,3.4999999E-07,3.4999999E-07,1.965000,-2.537810,41580.00,
94239-04-0,165.0910,115.4250,-16.98000,7191.167,12.30000,-999,-999,-999,7.1400001E-09,3.2199999E-08,6.4300004E-08,1.880000,0.2772510,-999,
148757-89-5,764.5300,486.7300,190.7800,1.4400000E-07,5.0000015E-10,-999,-999,-999,7.1400001E-09,3.2199999E-08,6.4300004E-08,16.01000,2.816000,-999,
188416-20-8,420.2200,397.0000,142.0000,4.8700000E-05,9.7199999E-02,-999,-999,-999,-999,-999,-999,1.640000,-4.751245,-999,
34451-26-8,380.1700,118.9600,-35.08500,4305.626,1.1508000E-04,-999,-999,-999,7.1400001E-09,3.2199999E-08,6.4300004E-08,5.580000,-0.3886193,-999,
1204298-70-3,160.1240,212.8100,53.16000,19.64499,237.0725,-999,-999,-999,8.5700002E-08,3.8600001E-07,7.7200002E-07,0.5935000,-2.084125,-999,
113659-14-6,462.2950,227.1750,5.385000,5.752844,1.2100000E-07,-999,-999,-999,7.1400001E-09,3.2199999E-08,6.4300004E-08,8.490000,1.288025,-999,
98-56-6,180.5600,146.2100,-29.88000,907.7730,0.2550000,2.2387173E-06,-999,8.7122570E-10,1.1300000E-07,1.1300000E-07,1.1300000E-07,3.410000,8.4256575E-02,33731.00,
54949-74-5,164.0750,82.91000,-54.29000,6921.440,42.91940,-999,-999,-999,3.4300001E-08,1.5400001E-07,3.0900000E-07,1.505000,-0.9311983,-999,
75-46-7,70.01300,-74.32999,-155.1000,2252770.,40.73803,-999,-999,-999,3.4999999E-08,3.4999999E-08,3.4999999E-08,0.6900000,0.5594200,16062.00,
2062-78-4,461.5570,517.3050,213.5000,8.9204999E-09,4.1520002E-04,-999,-999,-999,7.1400001E-09,3.2199999E-08,6.4300004E-08,6.265000,-7.138412,-999,
375-22-4,214.0390,121.0000,-10.76500,849.1306,4.252359,-999,-999,-999,2.1400000E-08,9.6500003E-08,1.9300001E-07,2.140000,-0.8045914,-999,
731-27-1,347.2600,365.8500,123.3800,2.6393399E-04,8.6599998E-03,-999,5.3702864E-09,1.1454357E-05,2.2100000E-08,2.2100000E-08,2.2100000E-08,3.795000,-5.387800,113620.0,
77501-63-4,461.7800,458.6900,45.00000,1.3585000E-05,1.7053600E-04,-999,-999,0.0000000E+00,1.4500000E-07,1.4500000E-07,1.4500000E-07,4.685000,-7.630100,76748.00,
39492-90-5,378.0500,216.6750,39.41000,12.52735,1.974580,-999,-999,-999,7.1400001E-09,3.2199999E-08,6.4300004E-08,6.120000,-3.398148,-999,
59493-72-0,832.2880,455.4600,198.9400,1.1300000E-11,2.3200000E-07,-999,-999,-999,7.1400001E-09,3.2199999E-08,6.4300004E-08,6.010000,-7.248571,-999,
40143-77-9,702.0700,227.0650,34.70500,7.618500,5.5000001E-08,-999,-999,-999,7.1400001E-09,3.2199999E-08,6.4300004E-08,7.825000,-1.420932,-999,
430-67-1,81.06600,59.41000,-59.11400,26798.63,11213.09,-999,-999,-999,3.5000000E-06,3.5000000E-06,3.5000000E-06,-5.9999999E-02,-2.799891,41848.00,
246871-16-9,-999,290.0000,186.3000,0.0000000E+00,-999,-999,-999,-999,-999,-999,4.1300001E-07,3.600000,-999,-999,
67584-56-9,461.2500,281.7100,75.37500,6.9594085E-02,3.9208701E-04,-999,-999,-999,7.1400001E-09,3.2199999E-08,6.4300004E-08,4.905000,-2.174489,-999,
98-16-8,161.1300,190.0200,26.33000,88.37790,10.96478,-999,-999,4.3561285E-10,2.0900000E-08,2.0900000E-08,2.0900000E-08,2.238350,-3.749100,52052.00,
2043-53-0,574.0190,196.8650,6.445000,76.79347,1.1700000E-08,-999,-999,-999,7.1400001E-09,3.2199999E-08,6.4300004E-08,7.835000,3.583999,-999,
3330-14-1,452.0670,120.3800,-29.65500,2053.159,4.9400001E-05,-999,-999,-999,7.1400001E-09,3.2199999E-08,6.4300004E-08,5.180000,2.143496,-999,
68188-12-5,323.9800,105.6300,-54.79000,4572.945,6.2235299E-04,-999,-999,-999,7.1400001E-09,3.2199999E-08,6.4300004E-08,4.620000,1.936000,-999,
220689-12-3,559.5300,-999,-999,-999,-999,-999,-999,-999,-999,-999,-999,-999,-999,-999,
68555-76-0,507.2100,266.7250,76.25000,1.4665420E-02,9.4100003E-05,-999,-999,-999,7.1400001E-09,3.2199999E-08,6.4300004E-08,5.105000,-3.184456,-999,
29081-56-9,517.1600,310.4750,118.5600,0.5200765,3.8800001E-05,-999,-999,-999,7.1400001E-09,3.2199999E-08,6.4300004E-08,4.765000,-34.19706,-999,
137641-05-5,376.3110,437.4350,188.3300,0.1765001,8.4699999E-04,-999,-999,-999,7.1400001E-09,3.2199999E-08,6.4300004E-08,4.835000,-6.333229,-999,
356-02-5,242.0930,166.8300,21.41000,187.0000,0.5811816,-999,-999,-999,2.1400000E-08,9.6500003E-08,1.9300001E-07,2.930000,-2.845534,-999,
68608-14-0,992.7000,684.7300,298.8900,5.0100000E-14,5.0003168E-10,-999,-999,-999,7.1400001E-09,3.2199999E-08,6.4300004E-08,11.44000,-10.40200,-999,
317817-24-6,548.1000,233.3350,22.84500,1.373216,4.6800000E-05,-999,-999,-999,7.1400001E-09,3.2199999E-08,6.4300004E-08,7.370000,-4.526125,-999,
355-79-3,266.0380,45.72500,-73.68500,42663.04,0.1079920,-999,-999,-999,7.1400001E-09,3.2199999E-08,6.4300004E-08,3.385000,1.897298,-999,
338-83-0,521.0720,130.0000,-49.85000,1811.569,5.2899999E-05,-999,-999,-999,7.1400001E-09,3.2199999E-08,6.4300004E-08,7.235000,3.070809,-999,
328-90-5,206.1200,289.1750,163.0000,2.7914859E-02,1.368135,-999,-999,-999,3.4300001E-08,1.5400001E-07,3.0900000E-07,3.255000,-3.333471,-999,
187592-70-7,277.0700,270.8500,60.80650,1.333000,0.1060000,-999,-999,-999,3.4999999E-07,3.4999999E-07,3.4999999E-07,3.024700,-3.321698,36909.00,
176310-29-5,300.0710,70.36000,-73.41500,24131.29,1.7891999E-02,-999,-999,-999,7.1400001E-09,3.2199999E-08,6.4300004E-08,3.910000,2.678511,-999,
67485-29-4,494.4850,460.6650,192.0000,2.3699999E-06,1.2100000E-05,-999,-999,-999,7.1400001E-09,3.2199999E-08,6.4300004E-08,3.975000,-3.129983,-999,
65510-55-6,874.0660,276.0900,58.37000,0.3333050,9.9999997E-10,-999,-999,-999,7.1400001E-09,3.2199999E-08,6.4300004E-08,11.49000,3.503798,-999,
16517-11-6,914.1480,319.7450,111.6350,0.4388400,9.9999997E-10,-999,-999,-999,-999,-999,-999,11.80500,1.937570,-999,
311-89-7,671.0960,178.0000,-40.60000,73.59374,8.2600003E-08,-999,-999,-999,7.1400001E-09,3.2199999E-08,6.4300004E-08,9.350000,1.957409,-999,
1869-77-8,613.2900,295.5400,83.93500,2.8530909E-02,2.2499999E-07,-999,-999,-999,7.1400001E-09,3.2199999E-08,6.4300004E-08,7.250000,-1.071964,-999,
13252-13-6,330.0530,179.9300,24.44500,49.72969,8.2411006E-02,-999,-999,-999,-999,-999,-999,3.285000,-3.348268,-999,
507-63-1,545.9650,160.2500,8.770000,429.2968,1.2900000E-07,-999,-999,-999,7.1400001E-09,3.2199999E-08,6.4300004E-08,7.225000,4.699557,-999,
57678-01-0,444.0850,272.3700,82.18000,2.4959689E-02,7.3814701E-04,-999,-999,-999,7.1400001E-09,3.2199999E-08,6.4300004E-08,3.785000,-5.538096,-999,
15457-05-3,328.2000,381.1400,94.00000,2.7459799E-04,5.1072519E-03,2.2387173E-06,-999,8.7122570E-10,1.1300000E-06,1.1300000E-06,1.1300000E-06,3.730000,-6.186000,28007.00,
71720-86-0,854.3500,739.1550,260.9200,1.6600000E-08,9.5195184E-03,-999,-999,-999,7.1400001E-09,3.2199999E-08,6.4300004E-08,2.220000,-5.784769,-999,
335-35-3,416.0610,99.14500,-61.18000,11952.31,5.4399999E-05,-999,-999,-999,7.1400001E-09,3.2199999E-08,6.4300004E-08,5.000000,3.008557,-999,
85631-54-5,518.1700,201.8200,18.63000,43.86294,4.5100001E-07,-999,-999,-999,7.1400001E-09,3.2199999E-08,6.4300004E-08,7.110000,3.764000,-999,
35367-38-5,310.6900,407.5150,239.0000,1.2000000E-07,1.3416910E-03,1.8196852E-08,4.5734177E-11,9.3466446E-10,2.9000001E-08,2.9000001E-08,2.9000001E-08,3.765000,-8.325300,127500.0,
895525-72-1,220.3100,283.5600,43.06800,0.3225860,0.3090295,-999,-999,-999,3.2299999E-07,3.2299999E-07,3.2299999E-07,3.550000,-2.459025,57412.00,
15899-28-2,-999,-999,-999,-999,-999,-999,-999,-999,-999,-999,-999,-999,-999,-999,
68555-74-8,407.2000,255.0850,72.61000,2.7730975E-02,2.8998034E-02,-999,-999,-999,7.1400001E-09,3.2199999E-08,6.4300004E-08,3.505000,-4.274278,-999,
1383692-20-3,404.3200,-999,172.5000,-999,-999,-999,-999,-999,-999,-999,-999,3.200000,-999,-999,
335-57-9,388.0510,81.25000,-75.90000,10950.00,3.4000001E-05,-999,-999,-999,7.1400001E-09,3.2199999E-08,6.4300004E-08,5.600000,4.851543,-999,
115-25-3,200.0310,-1.180000,-55.50000,299986.8,0.1650000,-999,-999,-999,2.1400000E-08,9.6500003E-08,1.9300001E-07,2.185000,3.174587,-999,
116-15-4,150.0200,-26.00000,-152.7400,587853.0,0.6025596,-999,-999,-999,3.4999999E-08,3.4999999E-08,3.4999999E-08,1.920000,1.810900,20694.00,
34455-03-3,471.2400,271.9200,77.71500,5.9994902E-03,3.6115400E-04,-999,-999,-999,7.1400001E-09,3.2199999E-08,6.4300004E-08,4.785000,-3.882627,-999,
812-70-4,442.1300,226.2200,45.95500,2.733243,2.6000500E-02,-999,-999,-999,7.1400001E-09,3.2199999E-08,6.4300004E-08,5.800000,0.8160000,-999,
68318-34-3,414.1100,156.8400,-8.535000,146.6542,7.7099998E-05,-999,-999,-999,7.1400001E-09,3.2199999E-08,6.4300004E-08,5.765000,1.721117,-999,
29420-49-3,338.1800,447.0000,188.0700,1.4900000E-06,27.02511,-999,-999,-999,7.1400001E-09,3.2199999E-08,6.4300004E-08,1.040000,-3.870705,-999,
2062-98-8,332.0450,88.73000,-53.31000,4639.605,0.1783493,-999,-999,-999,7.1400001E-09,3.2199999E-08,6.4300004E-08,3.810000,2.344034,-999,
424-20-4,654.0890,181.0000,-78.25000,385.3006,1.2800000E-09,-999,-999,-999,7.1400001E-09,3.2199999E-08,6.4300004E-08,8.975000,2.554610,-999,
19430-93-4,246.0700,47.73001,-113.5650,44304.92,1.7700000E-02,-999,-999,-999,3.5000000E-06,3.5000000E-06,3.5000000E-06,3.710000,2.827650,31204.00,
45167-47-3,263.0390,144.5300,9.640000,688.0000,0.4052935,-999,-999,-999,2.1400000E-08,9.6500003E-08,1.9300001E-07,2.810000,-1.592000,-999,
86508-42-1,588.0800,173.3800,-15.54000,238.6464,3.5800001E-09,-999,-999,-999,7.1400001E-09,3.2199999E-08,6.4300004E-08,8.180000,9.480000,-999,
1861-40-1,335.2900,382.1700,57.50000,1.7342800E-03,6.8800000E-04,-999,-999,0.0000000E+00,2.4200000E-09,2.4200000E-09,2.4200000E-09,5.250000,-2.153800,39360.00,
335-95-5,436.0520,292.9200,107.6300,16.93192,0.5820407,-999,-999,-999,7.1400001E-09,3.2199999E-08,6.4300004E-08,2.395000,-2.058466,-999,
354-38-1,113.0390,162.4650,56.35000,118.8607,742.3102,-999,-999,-999,3.4300001E-08,1.5400001E-07,3.0900000E-07,4.9549997E-02,-3.524947,-999,
342-25-6,218.2000,308.5600,61.07950,3.3302002E-02,0.1510000,-999,-999,-999,1.1300000E-06,1.1300000E-06,1.1300000E-06,3.030000,-3.966381,47917.00,
306-83-2,152.9300,44.88000,-99.64000,89243.02,11.23259,-999,-999,-999,1.6000000E-08,1.6000000E-08,1.6000000E-08,2.180000,0.4333600,25021.00,
355-04-4,338.0400,59.64999,-88.87000,28291.59,6.3211500E-04,-999,-999,-999,0.0000000E+00,0.0000000E+00,0.0000000E+00,4.800000,4.168550,29788.00,
335-24-0,500.2200,348.2550,137.6300,1.060000,1.6398786E-02,-999,-999,-999,7.1400001E-09,3.2199999E-08,6.4300004E-08,4.095000,-2.547125,-999,
375-80-4,553.8560,177.0000,15.34000,86.59450,3.1600001E-07,-999,-999,-999,7.1400001E-09,3.2199999E-08,6.4300004E-08,6.490000,3.539064,-999,
163702-05-4,264.0910,59.57500,-72.02500,46662.70,4.0213410E-02,-999,-999,-999,7.1400001E-09,3.2199999E-08,6.4300004E-08,3.940000,2.154952,-999,
34395-24-9,718.2010,259.9850,38.13000,0.5946161,9.9999997E-10,-999,-999,-999,7.1400001E-09,3.2199999E-08,6.4300004E-08,9.460000,1.893719,-999,
85857-16-5,468.2860,150.9100,-9.505000,281.2645,4.6915800E-04,-999,-999,-999,7.1400001E-09,3.2199999E-08,6.4300004E-08,4.620000,1.062747,-999,
2144-54-9,632.2120,245.2150,31.97000,2.213145,3.2700000E-09,-999,-999,-999,7.1400001E-09,3.2199999E-08,6.4300004E-08,8.674999,1.916926,-999,
29457-72-5,506.0600,375.8000,140.1650,0.5200004,1.2816662E-02,-999,-999,-999,7.1400001E-09,3.2199999E-08,6.4300004E-08,3.320000,-5.727112,-999,
203929-12-8,353.9820,82.79000,-55.20000,11519.02,3.2674251E-04,-999,-999,-999,7.1400001E-09,3.2199999E-08,6.4300004E-08,5.220000,2.230000,-999,
102687-65-0,130.5000,22.31000,-94.03050,111305.5,8.317637,-999,-999,-999,3.4999999E-07,3.4999999E-07,3.4999999E-07,2.400000,0.7508600,25289.00,
130755-46-3,704.3000,733.0500,339.7300,3.3050001E-17,3.7200000E-08,-999,-999,-999,3.4999999E-08,3.4999999E-08,3.4999999E-08,7.890000,-22.72050,217680.0,
3108-42-7,531.1170,205.0000,165.0000,4.680000,841.0000,-999,-999,-999,-999,-999,-999,4.360000,-4.444055,-999,
3825-26-1,431.1010,190.0000,124.4400,12.13706,23.25027,-999,-999,-999,7.1400001E-09,3.2199999E-08,6.4300004E-08,3.735000,-6.218466,-999,
908020-52-0,363.0800,-999,-999,-999,1.400000,-999,-999,-999,-999,-999,-999,-999,-999,-999,
1696259-81-0,695.1190,299.6300,87.06000,6.7327999E-02,6.8500001E-09,-999,-999,-999,7.1400001E-09,3.2199999E-08,6.4300004E-08,8.220000,4.594000,-999,
2356-53-8,236.9300,41.00000,-999,991000.0,0.5000844,-999,-999,-999,-999,-999,-999,-999,-999,-999,
57677-95-9,790.1760,298.6650,56.03000,4.0453039E-03,9.9999997E-10,-999,-999,-999,7.1400001E-09,3.2199999E-08,6.4300004E-08,8.255000,-1.915011,-999,
132182-92-4,350.0790,82.21500,-53.62500,19864.98,2.0501090E-03,-999,-999,-999,7.1400001E-09,3.2199999E-08,6.4300004E-08,4.635000,3.052397,-999,
54950-05-9,912.3100,418.1350,152.0000,6.3699997E-11,9.9999997E-10,-999,-999,-999,7.1400001E-09,3.2199999E-08,6.4300004E-08,8.320000,-2.454981,-999,
920-66-1,168.0400,58.85001,-34.88300,21001.41,46.20000,-999,-999,0.0000000E+00,1.4200000E-07,1.4200000E-07,1.4200000E-07,1.590000,-1.920219,54407.00,
22052-87-5,450.0950,126.8200,-34.97000,4372.961,2.4200001E-05,-999,-999,-999,7.1400001E-09,3.2199999E-08,6.4300004E-08,6.065000,3.062587,-999,
92612-52-7,313.0470,165.0800,23.07000,264.0000,4.4678163E-02,-999,-999,-999,7.1400001E-09,3.2199999E-08,6.4300004E-08,3.480000,-0.8710000,-999,
85509-19-9,315.4000,383.4100,98.79500,3.9099999E-05,2.1900000E-02,-999,-999,0.0000000E+00,2.2400000E-09,2.2400000E-09,2.2400000E-09,4.090000,-5.622308,-999,
76-16-4,138.0100,-79.87999,-112.8600,2970000.,0.5754399,-999,-999,-999,0.0000000E+00,0.0000000E+00,0.0000000E+00,2.175000,2.849300,18761.00,
67786-14-5,433.3400,632.1250,291.8900,1.2600000E-08,1.450000,-999,-999,-999,7.1400001E-09,3.2199999E-08,6.4300004E-08,0.8950000,-10.93280,-999,
375-73-5,300.0900,205.0000,41.73000,19.32032,15.61191,-999,-999,-999,7.1400001E-09,3.2199999E-08,6.4300004E-08,2.140000,-3.870705,-999,
1085-98-9,333.2300,336.8500,123.2900,2.6915301E-04,2.0143745E-02,-999,5.3702864E-09,1.1604769E-05,2.3000000E-08,2.3000000E-08,2.3000000E-08,3.540000,-5.368500,110750.0,
377-73-1,230.0380,136.3700,5.375000,571.1445,27.77671,-999,-999,-999,2.1400000E-08,9.6500003E-08,1.9300001E-07,2.590000,-4.424033,-999,
916975-92-3,271.1990,355.6250,121.5750,4.9167546E-03,5.5088699E-02,-999,-999,-999,2.1400000E-08,9.6500003E-08,1.9300001E-07,2.770000,-4.359703,-999,
18063-03-1,157.1200,283.3600,137.9100,3.8123801E-02,25.11886,-999,-999,-999,1.1300000E-06,1.1300000E-06,1.1300000E-06,0.6150000,-6.908730,63175.00,
33831-83-3,253.9660,94.49001,-68.56000,6014.769,4.3194760E-02,-999,-999,-999,2.1400000E-08,9.6500003E-08,1.9300001E-07,3.500000,2.280807,-999,
69681-35-2,345.0640,187.6600,13.41000,56.39521,2.2725001E-02,-999,-999,-999,7.1400001E-09,3.2199999E-08,6.4300004E-08,3.540000,-0.4490000,-999,
57677-99-3,1390.270,353.7750,74.38000,3.7054016E-04,9.9999997E-10,-999,-999,-999,7.1400001E-09,3.2199999E-08,6.4300004E-08,16.62500,3.242783,-999,
2058-94-8,564.0930,243.9150,61.23000,1.898223,1.8200000E-06,-999,-999,-999,7.1400001E-09,3.2199999E-08,6.4300004E-08,6.820000,2.730000,-999,
68555-73-7,521.2400,278.8900,81.51500,4.4129579E-03,2.8300001E-05,-999,-999,-999,7.1400001E-09,3.2199999E-08,6.4300004E-08,5.605000,-3.124187,-999,
349-76-8,188.1500,199.0000,5.870000,46.65500,1.862087,2.2387173E-06,-999,8.7122570E-10,1.1300000E-06,1.1300000E-06,1.1300000E-06,2.720000,-2.457609,50903.00,
2164-17-2,232.2100,323.0800,96.34000,1.9424765E-03,1.090000,1.8196852E-08,-999,0.0000000E+00,8.7899998E-09,8.7899998E-09,8.7899998E-09,2.355000,-6.460400,81246.00,
2706-91-4,350.1000,221.5950,37.95000,3.585000,1.266295,-999,-999,-999,7.1400001E-09,3.2199999E-08,6.4300004E-08,2.760000,-3.582913,-999,
148992-43-2,126.1030,110.9750,-26.77500,1888.252,7829.314,-999,-999,-999,8.5700002E-08,3.8600001E-07,7.7200002E-07,-9.9000007E-02,-2.648387,-999,
161462-35-7,302.3100,351.6900,6.755001,2.1061399E-03,8.2772650E-02,-999,-999,-999,1.1300000E-06,1.1300000E-06,1.1300000E-06,3.500000,-7.274511,67252.00,
540468-96-0,180.1300,224.5600,45.40000,1.619863,84.77211,-999,-999,-999,3.4300001E-08,1.5400001E-07,3.0900000E-07,0.5670000,-2.931551,-999,
375-62-2,266.0380,51.72500,-70.07500,32130.60,0.4470000,-999,-999,-999,7.1400001E-09,3.2199999E-08,6.4300004E-08,2.800000,2.584373,-999,
183065-68-1,237.0100,285.6300,156.9700,2.3138000E-02,2.030000,-999,-999,-999,1.1300000E-06,1.1300000E-06,1.1300000E-06,2.713300,-5.600600,54847.00,
2806-24-8,557.1800,295.7300,116.3750,0.2481000,2.6199999E-05,-999,-999,-999,7.1400001E-09,3.2199999E-08,6.4300004E-08,5.480000,-3.711220,-999,
91913-68-7,498.2760,225.6300,4.325000,5.906165,4.6600000E-08,-999,-999,-999,7.1400001E-09,3.2199999E-08,6.4300004E-08,8.430000,1.749315,-999,
70887-84-2,458.0980,220.1650,46.65000,6.204735,1.1041300E-04,-999,-999,-999,7.1400001E-09,3.2199999E-08,6.4300004E-08,5.640000,0.7700000,-999,
335-77-3,600.1400,243.2450,60.50000,0.5304742,3.0400000E-07,-999,-999,-999,7.1400001E-09,3.2199999E-08,6.4300004E-08,5.830000,1.090000,-999,
3830-45-3,536.0670,303.7000,119.2050,2.340017,7.8329761E-03,-999,-999,-999,7.1400001E-09,3.2199999E-08,6.4300004E-08,3.350000,-1.215527,-999,
307-51-7,602.1300,172.0750,4.895000,582.6171,3.7899999E-09,-999,-999,-999,7.1400001E-09,3.2199999E-08,6.4300004E-08,8.725000,1.217892,-999,
345-92-6,218.2000,308.8400,73.55750,1.4502000E-02,0.1510000,-999,-999,-999,1.1300000E-06,1.1300000E-06,1.1300000E-06,3.487800,-3.966381,47917.00,
79622-59-6,465.1000,444.8800,113.0000,7.1250001E-06,3.0199499E-04,4.4770700E-06,-999,0.0000000E+00,1.4500000E-08,1.4500000E-08,1.4500000E-08,4.328700,-6.670064,58599.00,
355-46-4,400.1100,233.2500,50.40000,0.6110000,0.3311550,-999,-999,-999,7.1400001E-09,3.2199999E-08,6.4300004E-08,3.160000,-3.246014,-999,
75-10-5,52.02300,-62.20999,-136.0000,1754728.,175.4820,-999,-999,-999,3.4999999E-08,3.4999999E-08,3.4999999E-08,0.5123650,4.9360000E-02,16119.00,
335-66-0,416.0610,123.4850,-32.15500,2026.494,2.5164580E-03,-999,-999,-999,7.1400001E-09,3.2199999E-08,6.4300004E-08,4.765000,2.998600,-999,
118400-71-8,450.3500,223.2500,29.47000,12.61226,3.2025003E-08,-999,-999,-999,7.1400001E-09,3.2199999E-08,6.4300004E-08,9.040000,3.511000,-999,
79-38-9,116.4700,7.529999,-135.7200,525006.1,2.884032,-999,-999,-999,3.4999999E-08,3.4999999E-08,3.4999999E-08,1.950000,1.104397,20350.00,
4151-50-2,527.2000,206.8950,77.05000,5.500029,1.5300000E-06,-999,-999,-999,7.1400001E-09,3.2199999E-08,6.4300004E-08,6.760000,2.340000,-999,
9002-84-0,-999,-19.90000,-89.00000,-999,-999,-999,-999,-999,-999,-999,-999,-999,-999,-999,
16090-14-5,446.1100,182.0000,11.68000,21.33152,0.2324315,-999,-999,-999,7.1400001E-09,3.2199999E-08,6.4300004E-08,6.550000,-1.020741,-999,
34449-89-3,371.2200,263.9250,76.88499,1.1145719E-02,0.1963256,-999,-999,-999,7.1400001E-09,3.2199999E-08,6.4300004E-08,3.430000,-4.539575,-999,
256473-04-8,211.5700,211.0000,31.74850,35.99100,1.500000,-999,-999,-999,1.1300000E-06,1.1300000E-06,1.1300000E-06,2.490000,-2.308600,55728.00,
72007-68-2,463.0700,221.9200,38.94000,11.10000,6.7678506E-05,-999,-999,-999,7.1400001E-09,3.2199999E-08,6.4300004E-08,5.480000,1.290000,-999,
2040-90-6,146.5500,198.4800,39.64150,27.32650,23.44229,-999,-999,-999,1.1300000E-06,1.1300000E-06,1.1300000E-06,2.339600,-4.246312,46749.00,
360-64-5,189.1400,294.9400,90.16000,0.1072100,6.025596,-999,-999,-999,1.1300000E-06,1.1300000E-06,1.1300000E-06,1.227500,-6.104683,70890.00,
1763-23-1,500.1300,229.2800,52.40000,0.8530000,2.0774599E-04,-999,-999,-999,7.1400001E-09,3.2199999E-08,6.4300004E-08,4.490000,-0.3470000,-999,
68298-11-3,750.4800,669.6300,291.8400,2.5700000E-17,4.0317411E-03,-999,-999,-999,7.1400001E-09,3.2199999E-08,6.4300004E-08,2.490000,-19.47600,-999,
45187-15-3,299.0900,212.0000,53.63000,37.05500,29.62252,-999,-999,-999,7.1400001E-09,3.2199999E-08,6.4300004E-08,2.460000,-3.870705,-999,
1189052-95-6,450.0680,480.0000,90.27000,-2.3700000E-08,0.1718106,-999,-999,-999,7.1400001E-09,3.2199999E-08,6.4300004E-08,1.150000,-4.555000,-999,
2135-17-3,410.4600,506.6900,226.6000,7.2000001E-12,0.1420000,-999,-999,0.0000000E+00,1.0600000E-07,1.0600000E-07,1.0600000E-07,1.675000,-14.99350,176950.0,
1696259-68-3,395.0720,202.3300,28.03000,36.93019,2.6155000E-03,-999,-999,-999,7.1400001E-09,3.2199999E-08,6.4300004E-08,4.210000,0.2710000,-999,
864551-38-2,562.1210,208.6800,19.31000,31.10000,2.3699999E-07,-999,-999,-999,7.1400001E-09,3.2199999E-08,6.4300004E-08,7.060000,4.948000,-999,
1682-78-6,282.0370,72.23500,-59.50500,11665.67,1.537387,-999,-999,-999,7.1400001E-09,3.2199999E-08,6.4300004E-08,3.155000,1.984034,-999,
641571-11-1,241.2200,379.8100,73.08230,2.9319999E-04,1.095224,-999,-999,-999,1.1300000E-06,1.1300000E-06,1.1300000E-06,2.410000,-8.722992,104930.0,
142818-01-7,256.1840,342.3400,139.6000,8.1150001E-04,0.4500670,-999,-999,-999,2.1400000E-08,9.6500003E-08,1.9300001E-07,2.610000,-6.556830,-999,
120100-77-8,346.7100,427.9300,192.3950,4.0300000E-07,1.110000,-999,-999,-999,1.1300000E-06,1.1300000E-06,1.1300000E-06,2.554400,-9.988546,101900.0,
121219-07-6,158.1500,167.5500,-17.91000,297.2590,3.162278,-999,-999,-999,1.1300000E-06,1.1300000E-06,1.1300000E-06,2.620000,-1.627922,35742.00,
24279-39-8,230.0200,250.9200,25.70000,1.692910,0.1900000,-999,-999,-999,1.1300000E-07,1.1300000E-07,1.1300000E-07,3.513550,-3.430051,53239.00,
79456-26-1,196.5600,230.4000,-74.03000,6.091810,3.470000,-999,-999,-999,3.4999999E-07,3.4999999E-07,3.4999999E-07,2.140000,-6.114250,69971.00,
88974-05-4,289.6800,360.8050,129.3900,1.7116149E-04,1.1609362E-02,-999,-999,-999,2.1400000E-08,9.6500003E-08,1.9300001E-07,4.245000,-5.174655,-999,
102061-82-5,306.0800,439.3000,184.2400,2.6299999E-06,49.85833,-999,-999,-999,7.1400001E-09,3.2199999E-08,6.4300004E-08,-0.5000000,-5.328000,-999,
422-05-9,150.0480,77.80000,-60.20500,6430.000,145.6201,-999,-999,-999,3.4300001E-08,1.5400001E-07,3.0900000E-07,1.230000,0.3320525,-999,
27905-45-9,518.1700,202.9100,6.770000,43.86294,9.0100002E-07,-999,-999,-999,7.1400001E-09,3.2199999E-08,6.4300004E-08,6.825000,1.738643,-999,
2991-51-7,623.3200,433.2050,173.9350,16.86865,1.5747930E-03,-999,-999,-999,7.1400001E-09,3.2199999E-08,6.4300004E-08,4.200000,-4.498739,-999,
75-63-8,148.9100,7.020020,-108.8500,1178372.,1.778279,-999,-999,-999,3.4999999E-07,3.4999999E-07,3.4999999E-07,1.875000,1.336500,25289.00,
13417-01-1,584.2900,280.7350,96.70500,0.1062576,1.0900000E-05,-999,-999,-999,7.1400001E-09,3.2199999E-08,6.4300004E-08,6.310000,-2.649995,-999,
65104-65-6,964.2000,317.2750,96.54500,1.5332000E-04,9.9999997E-10,-999,-999,-999,7.1400001E-09,3.2199999E-08,6.4300004E-08,12.27000,2.775153,-999,
15899-32-8,-999,-999,-999,-999,-999,-999,-999,-999,-999,-999,-999,-999,-999,-999,
461-82-5,177.1300,210.6800,26.73000,25.06040,4.940000,-999,-999,-999,1.1300000E-06,1.1300000E-06,1.1300000E-06,1.990000,-4.440621,46749.00,
29091-09-6,305.0000,338.1900,95.18000,3.6257601E-03,3.3360656E-02,-999,-999,-999,1.1300000E-06,1.1300000E-06,1.1300000E-06,2.971250,-4.786353,44892.00,
251099-16-8,825.7500,-999,-999,-999,-999,-999,-999,-999,-999,-999,-999,-999,-999,-999,
423-50-7,402.1000,134.2300,3.715000,4315.000,1.5430700E-04,-999,-999,-999,7.1400001E-09,3.2199999E-08,6.4300004E-08,6.000000,1.838051,-999,
115375-60-5,462.5200,440.0800,183.6650,1.2110000E-06,1.3618220E-03,-999,-999,-999,7.1400001E-09,3.2199999E-08,6.4300004E-08,6.495000,-3.167544,-999,
209995-38-0,190.1210,249.4400,76.67500,3.294775,14.60000,-999,-999,-999,2.1400000E-08,9.6500003E-08,1.9300001E-07,1.995000,-4.064022,-999,
71546-78-6,354.0430,57.22500,-87.76500,53862.09,5.2399997E-04,-999,-999,-999,7.1400001E-09,3.2199999E-08,6.4300004E-08,5.390000,3.172494,-999,
801-26-3,416.0610,96.14500,-67.08000,9112.558,2.5900001E-05,-999,-999,-999,7.1400001E-09,3.2199999E-08,6.4300004E-08,6.205000,3.008557,-999,
69116-73-0,488.1050,193.3450,10.19000,2.733101,2.3882161E-03,-999,-999,-999,7.1400001E-09,3.2199999E-08,6.4300004E-08,4.470000,-2.497544,-999,
68084-62-8,561.2600,291.5900,74.70500,4.0396567E-02,2.6200000E-06,-999,-999,-999,7.1400001E-09,3.2199999E-08,6.4300004E-08,6.335000,-2.259492,-999,
350-46-9,141.1000,206.8500,25.38000,37.45730,7.585776,-999,-999,0.0000000E+00,0.0000000E+00,0.0000000E+00,0.0000000E+00,1.835000,-2.852900,33215.00,
432-08-6,971.1430,266.6700,56.20500,0.1162568,9.9999997E-10,-999,-999,-999,7.1400001E-09,3.2199999E-08,6.4300004E-08,13.00500,4.219822,-999,
1870-13-9,846.1500,337.5000,114.8000,4.5059999E-03,5.0990001E-10,-999,-999,-999,7.1400001E-09,3.2199999E-08,6.4300004E-08,10.23000,6.758000,-999,
2706-90-3,264.0470,141.2650,11.97000,579.9799,0.5990928,-999,-999,-999,2.1400000E-08,9.6500003E-08,1.9300001E-07,2.810000,-3.039214,-999,
38565-52-5,376.1170,110.5100,-52.57500,20305.15,7.1600103E-04,-999,-999,-999,7.1400001E-09,3.2199999E-08,6.4300004E-08,4.985000,2.229875,-999,
79953-85-8,1229.200,-999,-999,-999,5.9600002E-16,-999,-999,-999,-999,-999,-999,-999,-999,-999,
1696259-85-4,795.1350,325.6800,105.9000,1.0639000E-02,5.8549998E-10,-999,-999,-999,7.1400001E-09,3.2199999E-08,6.4300004E-08,9.560000,6.035000,-999,
10116-92-4,543.1900,282.9300,94.20000,1.1400000E-02,1.4005001E-05,-999,-999,-999,7.1400001E-09,3.2199999E-08,6.4300004E-08,5.290000,-2.096000,-999,
1582-09-8,335.2900,382.1700,57.50000,1.4210250E-03,8.4595400E-04,2.2387173E-06,-999,4.3561285E-10,1.8400000E-08,1.8400000E-08,1.8400000E-08,5.250000,-2.153800,39360.00,
75-89-8,100.0400,60.22000,-50.61900,10148.13,2511.886,-999,-999,0.0000000E+00,7.2500001E-07,7.2500001E-07,7.2500001E-07,0.3800000,-2.939000,51707.00,
34454-97-2,357.1900,251.9900,72.40000,2.545502,0.6760827,-999,-999,-999,7.1400001E-09,3.2199999E-08,6.4300004E-08,2.905000,-4.596267,-999,
335-27-3,400.0620,98.70000,-66.65000,6932.984,1.0100000E-05,-999,-999,-999,7.1400001E-09,3.2199999E-08,6.4300004E-08,5.965000,4.726251,-999,
1352319-02-8,373.6800,164.0000,140.0000,-999,-999,-999,-999,-999,-999,-999,-999,-1.677781,-999,-999,
375-50-8,453.8400,147.5000,-9.230000,1081.937,4.2100000E-05,-999,-999,-999,7.1400001E-09,3.2199999E-08,6.4300004E-08,5.150000,2.563381,-999,
68238-92-6,989.1300,1065.100,332.9200,2.3149999E-08,4.5251899E-04,-999,-999,-999,7.1400001E-09,3.2199999E-08,6.4300004E-08,-1.109000,-5.103862,-999,
131341-86-1,248.1900,382.6100,171.6050,2.0949999E-05,5.4776583E-02,-999,-999,0.0000000E+00,2.8600000E-09,2.8600000E-09,2.8600000E-09,3.583000,-8.897204,41561.00,
1093074-15-7,-999,-999,-999,-999,-999,-999,-999,-999,-999,-999,-999,-999,-999,-999,
27854-31-5,478.1050,224.6800,51.77000,3.146545,4.0600000E-05,-999,-999,-999,7.1400001E-09,3.2199999E-08,6.4300004E-08,5.970000,1.410000,-999,
64191-44-2,566.0850,143.6400,-56.92000,1691.857,8.5000003E-08,-999,-999,-999,7.1400001E-09,3.2199999E-08,6.4300004E-08,7.540000,2.377435,-999,
297730-93-9,414.1140,119.0250,-36.66500,4653.063,7.1600000E-05,-999,-999,-999,7.1400001E-09,3.2199999E-08,6.4300004E-08,6.040000,2.952158,-999,
120226-60-0,628.2000,271.0400,83.26000,3.1300001E-02,2.3277501E-06,-999,-999,-999,7.1400001E-09,3.2199999E-08,6.4300004E-08,5.340000,1.339000,-999,
757124-72-4,328.1500,233.5550,82.82500,1.202573,2.489593,-999,-999,-999,7.1400001E-09,3.2199999E-08,6.4300004E-08,2.190000,-3.794559,-999,
381-73-7,96.03200,136.1400,-1.000000,585.1870,10471.29,-999,-999,-999,3.5000000E-06,3.5000000E-06,3.5000000E-06,0.1200000,-4.052400,61433.00,
102851-06-9,502.9200,505.3000,103.4135,2.1254455E-07,2.2100000E-06,1.2589308E-07,-999,3.3260153E-06,1.6800000E-08,1.6800000E-08,1.6800000E-08,6.580000,-6.599700,121950.0,
61340-74-7,316.0460,60.53000,-75.23000,24664.57,3.4550000E-03,-999,-999,-999,7.1400001E-09,3.2199999E-08,6.4300004E-08,4.630000,2.239260,-999,
13081-18-0,170.0870,119.7350,-20.47000,2071.544,56.00000,-999,-999,-999,3.4300001E-08,1.5400001E-07,3.0900000E-07,0.5600000,-2.942403,-999,
778-94-9,216.1200,283.0700,31.01000,0.1839540,0.3850000,-999,-999,-999,1.1300000E-06,1.1300000E-06,1.1300000E-06,2.410000,-4.136256,54579.00,
678-41-1,990.2070,321.3150,63.78000,1.6629850E-03,9.9999997E-10,-999,-999,-999,7.1400001E-09,3.2199999E-08,6.4300004E-08,11.50000,-3.2602549E-02,-999,
68187-47-3,409.3600,665.2600,289.7900,2.1600000E-13,102.8767,-999,-999,-999,7.1400001E-09,3.2199999E-08,6.4300004E-08,-1.750000,-12.38000,-999,
895525-76-5,512.7900,497.1200,56.20050,4.5499998E-08,7.1800000E-04,-999,-999,-999,1.1300000E-06,1.1300000E-06,1.1300000E-06,4.540000,-11.54100,140360.0,
62037-80-3,347.0800,-999,-999,-999,7.130000,-999,-999,-999,-999,-999,-999,-999,-999,-999,
393-36-2,240.0230,233.0000,47.90000,4.118128,0.6380638,-999,-999,-999,2.1400000E-08,9.6500003E-08,1.9300001E-07,2.915000,-1.755602,-999,
57678-05-4,644.1160,299.9600,81.81500,2.0865521E-03,1.3400000E-07,-999,-999,-999,7.1400001E-09,3.2199999E-08,6.4300004E-08,6.805000,-4.084443,-999,
431-89-0,170.0300,-18.95000,-127.1000,410564.0,0.4680000,-999,-999,-999,3.4999999E-08,3.4999999E-08,3.4999999E-08,2.266700,1.115400,21575.00,
69045-84-7,215.9900,190.4600,46.69000,77.18070,0.4244826,-999,-999,-999,3.4999999E-07,3.4999999E-07,3.4999999E-07,3.060000,-1.812365,54426.00,
335-71-7,452.1100,143.9700,9.775000,1067.909,6.6200000E-06,-999,-999,-999,7.1400001E-09,3.2199999E-08,6.4300004E-08,6.640000,1.264560,-999,
1493-13-6,150.0700,202.9200,54.44000,72.64850,1320.000,-999,-999,-999,3.5000000E-06,3.5000000E-06,3.5000000E-06,-0.3800000,-5.910200,44375.00,
10493-43-3,216.0300,2.280000,-118.6500,313151.0,1.700000,-999,-999,-999,2.1400000E-08,9.6500003E-08,1.9300001E-07,2.680000,1.980784,-999,
10495-86-0,230.0620,-999,-999,-999,-999,-999,-999,-999,-999,-999,-999,-999,-999,-999,
67905-19-5,814.1320,300.8100,101.0600,0.3404800,9.9999997E-10,-999,-999,-999,7.1400001E-09,3.2199999E-08,6.4300004E-08,10.38500,0.9625885,-999,
943913-15-3,890.1920,273.5250,50.16500,2.4650753E-03,9.9999997E-10,-999,-999,-999,7.1400001E-09,3.2199999E-08,6.4300004E-08,7.555000,-0.7840860,-999,
1895-14-3,746.1340,313.0500,96.65000,2.6131000E-02,1.2350000E-09,-999,-999,-999,7.1400001E-09,3.2199999E-08,6.4300004E-08,8.890000,5.315000,-999,
306-91-2,624.1160,210.5000,0.1499996,42.79636,1.3900000E-08,-999,-999,-999,7.1400001E-09,3.2199999E-08,6.4300004E-08,7.865000,4.275572,-999,
86-73-7,166.2200,292.5700,63.69000,6.6969380E-02,1.0471285E-02,-999,-999,0.0000000E+00,8.9300002E-08,8.9300002E-08,8.9300002E-08,4.040000,-2.165850,39685.00,
85813-73-6,251.1800,283.9350,65.16000,0.4106494,0.4092683,-999,-999,-999,2.1400000E-08,9.6500003E-08,1.9300001E-07,2.565000,-1.970851,-999,
181214-75-5,314.0980,84.52499,-59.10500,15765.33,4.6640001E-03,-999,-999,-999,7.1400001E-09,3.2199999E-08,6.4300004E-08,4.470000,2.255810,-999,
2043-57-4,473.9900,179.2000,-32.18300,171.9570,1.3000000E-06,-999,-999,-999,3.4999999E-07,3.4999999E-07,3.4999999E-07,5.990000,3.350750,48721.00,
62880-93-7,609.3900,674.3800,294.0500,1.0900000E-13,1.8641623E-02,-999,-999,-999,7.1400001E-09,3.2199999E-08,6.4300004E-08,0.9200000,-9.498000,-999,
68412-69-1,702.0700,193.1300,24.41000,14.79874,2.8000001E-08,-999,-999,-999,7.1400001E-09,3.2199999E-08,6.4300004E-08,6.960000,2.902000,-999,
720-94-5,230.1860,266.5850,56.83500,2.227674,6.029906,-999,-999,-999,2.1400000E-08,9.6500003E-08,1.9300001E-07,2.315000,-4.270749,-999,
67330-25-0,337.3400,384.9400,-31.76500,2.9859200E-04,7.8914402E-04,-999,-999,-999,1.1300000E-06,1.1300000E-06,1.1300000E-06,5.860000,-5.179294,84577.00,
108427-53-8,399.1000,235.0000,57.22500,1.605389,5.4447506E-02,-999,-999,-999,7.1400001E-09,3.2199999E-08,6.4300004E-08,3.515000,-3.246014,-999,
355-25-9,238.0280,-1.900000,-124.1300,259977.9,2.1774748E-02,-999,-999,-999,7.1400001E-09,3.2199999E-08,6.4300004E-08,3.615000,3.971388,-999,
130841-23-5,358.0200,308.0300,110.9200,2.1476999E-03,6.8554800E-04,-999,-999,-999,1.1300000E-06,1.1300000E-06,1.1300000E-06,4.780000,-2.431460,39877.00,
67969-69-1,685.2900,395.0000,110.6350,2.8587502E-04,3.4199998E-05,-999,-999,-999,7.1400001E-09,3.2199999E-08,6.4300004E-08,4.665000,-10.75157,-999,
15290-77-4,196.0680,33.13500,-53.05500,133929.6,4.8335273E-02,-999,-999,-999,2.1400000E-08,9.6500003E-08,1.9300001E-07,3.745000,3.054328,-999,
65150-93-8,918.2320,306.1700,66.52500,1.2025644E-02,9.9999997E-10,-999,-999,-999,7.1400001E-09,3.2199999E-08,6.4300004E-08,12.28000,3.273777,-999,
171198-24-6,495.9600,179.0000,30.00000,40.12992,289.0000,-999,-999,-999,-999,-999,-999,4.800000,-4.647930,-999,
70124-77-5,451.4700,480.4300,75.21000,6.3450000E-07,8.8999996E-06,6.6375101E-08,-999,1.2559417E-08,2.6000000E-08,2.6000000E-08,2.6000000E-08,6.185000,-5.814535,95509.00,
1478-61-1,336.2400,347.1600,154.5000,3.5490000E-05,1.0526300E-04,-999,-999,-999,7.1400001E-09,3.2199999E-08,6.4300004E-08,4.470000,-7.630000,-999,
420-46-2,84.04000,-56.45999,-151.6500,1125784.,10.47129,-999,-999,-999,3.4999999E-07,3.4999999E-07,3.4999999E-07,1.530000,1.095272,18933.00,
25628-08-4,430.3500,-999,-999,-999,-999,-999,-999,-999,-999,-999,-999,-999,-999,-999,
15899-31-7,464.0780,209.9600,42.27000,15.81579,9.3499999E-05,-999,-999,-999,7.1400001E-09,3.2199999E-08,6.4300004E-08,5.930000,-1.295170,-999,
4089-58-1,512.1200,219.7850,25.13500,2.946416,2.6706630E-02,-999,-999,-999,7.1400001E-09,3.2199999E-08,6.4300004E-08,7.025000,-2.507662,-999,
20109-59-5,386.0440,285.7800,97.41000,8.550030,5.014972,-999,-999,-999,7.1400001E-09,3.2199999E-08,6.4300004E-08,1.890000,-2.397965,-999,
773-14-8,216.0300,13.50000,-67.00000,94791.95,0.5869555,-999,-999,-999,2.1400000E-08,9.6500003E-08,1.9300001E-07,2.515000,1.866529,-999,
116-14-3,100.0100,-31.59999,-142.5000,1892860.,3.801894,-999,-999,-999,3.4999999E-08,3.4999999E-08,3.4999999E-08,1.370000,1.529464,17249.00,
354-64-3,245.9100,51.03000,-87.71500,153295.0,1.122018,-999,-999,-999,3.4999999E-08,3.4999999E-08,3.4999999E-08,2.939500,1.868706,31951.00,
2712-83-6,350.1490,355.4150,151.7700,1.4000000E-05,7.2346345E-02,-999,-999,-999,7.1400001E-09,3.2199999E-08,6.4300004E-08,4.235000,-8.191803,-999,
75-45-6,86.46800,-35.84999,-156.0200,849000.0,27.54229,-999,-999,-999,0.0000000E+00,0.0000000E+00,0.0000000E+00,0.9650000,0.6000000,19163.00,
113100-53-1,194.1130,267.4600,89.63000,0.4299635,13.94033,-999,-999,-999,3.4300001E-08,1.5400001E-07,3.0900000E-07,1.295000,-3.917520,-999,
925689-10-7,175.1390,297.4950,130.6300,3.1330500E-02,341.0000,-999,-999,-999,8.5700002E-08,3.8600001E-07,7.7200002E-07,-0.1395000,-5.759475,-999,
375-84-8,366.0540,98.95000,-42.74500,5106.232,2.1685325E-02,-999,-999,-999,7.1400001E-09,3.2199999E-08,6.4300004E-08,4.120000,3.307034,-999,
101947-16-4,610.3830,220.4500,19.50000,12.53227,1.6600001E-07,-999,-999,-999,7.1400001E-09,3.2199999E-08,6.4300004E-08,7.180000,1.286307,-999,
219715-34-1,177.1300,172.9400,17.85150,230.6090,6.823802,-999,-999,-999,3.4999999E-07,3.4999999E-07,3.4999999E-07,2.320000,-2.868919,55134.00,
39108-34-4,528.1800,262.7700,68.14000,0.2379823,3.4476901E-04,-999,-999,-999,7.1400001E-09,3.2199999E-08,6.4300004E-08,4.360000,-2.916233,-999,
40143-78-0,500.0480,235.0000,76.04000,0.4147177,2.5057601E-04,-999,-999,-999,7.1400001E-09,3.2199999E-08,6.4300004E-08,4.580000,-4.577943,-999,
78560-45-9,481.5300,138.0000,-12.86500,1376.065,1.8700000E-06,-999,-999,-999,7.1400001E-09,3.2199999E-08,6.4300004E-08,7.500000,2.508520,-999,
79780-39-5,700.1600,233.7850,74.61500,0.7837780,2.7999999E-06,-999,-999,-999,7.1400001E-09,3.2199999E-08,6.4300004E-08,7.170000,2.530000,-999,
65601-69-6,248.0480,58.70000,-45.66000,29264.18,0.5003060,-999,-999,-999,2.1400000E-08,9.6500003E-08,1.9300001E-07,2.805000,1.717449,-999,
66332-96-5,323.3200,404.4100,104.5000,2.0750000E-05,1.4125375E-02,-999,-999,-999,1.1300000E-06,1.1300000E-06,1.1300000E-06,4.064950,-7.343243,101810.0,
157627-98-0,758.0300,-999,-999,-999,-999,-999,-999,-999,-999,-999,-999,-999,-999,-999,
788-41-0,316.0460,65.74500,-70.09000,19198.37,1.9861000E-02,-999,-999,-999,7.1400001E-09,3.2199999E-08,6.4300004E-08,3.895000,2.239260,-999,
375-92-8,450.1200,225.8100,48.84000,1.334939,3.7600000E-08,-999,-999,-999,7.1400001E-09,3.2199999E-08,6.4300004E-08,3.820000,-1.070000,-999,
88992-45-4,531.8100,453.0300,190.6600,1.2100000E-08,1.6735328E-02,-999,-999,-999,7.1400001E-09,3.2199999E-08,6.4300004E-08,1.640000,-11.18400,-999,
105812-81-5,223.2900,300.2800,65.60400,8.7444799E-04,20.50000,-999,-999,-999,1.1300000E-06,1.1300000E-06,1.1300000E-06,1.760000,-8.151070,99854.00,
88-17-5,161.1300,190.0200,26.33000,104.1518,12.88250,-999,-999,-999,1.1300000E-06,1.1300000E-06,1.1300000E-06,2.085000,-3.497800,54311.00,
142459-58-3,363.3400,401.8500,181.3700,8.0020000E-05,2.6200000E-02,-999,-999,0.0000000E+00,2.0100000E-08,2.0100000E-08,2.0100000E-08,3.105000,-6.695600,104120.0,
68155-62-4,656.9300,677.6350,266.4200,1.9000000E-08,7.3980488E-02,-999,-999,-999,7.1400001E-09,3.2199999E-08,6.4300004E-08,0.7350000,-17.78809,-999,
2994-71-0,300.0470,49.73000,-93.19500,51862.26,8.4620097E-04,-999,-999,-999,7.1400001E-09,3.2199999E-08,6.4300004E-08,4.665000,4.021330,-999,
80806-68-4,378.1330,168.1800,2.000000,42.04803,2.3401820E-03,-999,-999,-999,7.1400001E-09,3.2199999E-08,6.4300004E-08,4.690000,-1.827266,-999,
138495-42-8,252.0550,27.70000,-107.7400,153159.8,3.7200000E-08,-999,-999,-999,7.1400001E-09,3.2199999E-08,6.4300004E-08,3.430000,3.515951,-999,
34455-22-6,512.3300,342.4300,108.9950,3.2647001E-04,1.2895204E-02,-999,-999,-999,1.1500000E-07,1.1500000E-07,1.1500000E-07,4.610000,-4.372392,117470.0,
355-42-0,338.0440,55.40000,-87.55000,29082.15,2.9309801E-04,-999,-999,-999,7.1400001E-09,3.2199999E-08,6.4300004E-08,4.910000,4.502784,-999,
1800-91-5,354.1390,83.80000,-45.74500,9156.505,3.5199999E-05,-999,-999,-999,7.1400001E-09,3.2199999E-08,6.4300004E-08,5.995000,3.483020,-999,
63967-41-9,348.0630,102.6900,-38.68500,5306.382,8.6708441E-03,-999,-999,-999,7.1400001E-09,3.2199999E-08,6.4300004E-08,4.310000,2.504207,-999,
102625-64-9,367.3800,526.2900,228.6400,1.5950000E-09,3.7700001E-02,-999,-999,-999,1.1300000E-06,1.1300000E-06,1.1300000E-06,2.980000,-13.42221,124030.0,
3658-62-6,481.1090,255.9300,146.8200,5.183280,1.1662638E-02,-999,-999,-999,7.1400001E-09,3.2199999E-08,6.4300004E-08,3.315000,-5.454670,-999,
1583-59-1,158.1000,172.8700,10.76500,176.1100,2.137962,-999,-999,-999,1.1300000E-06,1.1300000E-06,1.1300000E-06,2.350000,-2.994257,-2067.500,
32539-16-5,200.2000,237.7550,71.32000,34.94506,12.10000,-999,-999,-999,2.1400000E-08,9.6500003E-08,1.9300001E-07,1.595000,-1.003704,-999,
76298-23-2,254.1480,119.1900,-16.03000,2533.118,6.0120001E-03,-999,-999,-999,2.1400000E-08,9.6500003E-08,1.9300001E-07,4.485000,1.131719,-999,
132182-96-8,362.1150,119.1600,-28.54500,5412.874,1.9980001E-03,-999,-999,-999,7.1400001E-09,3.2199999E-08,6.4300004E-08,4.695000,1.415159,-999,
674-13-5,180.0300,122.2250,-4.080000,1108.952,647.6143,-999,-999,-999,3.4300001E-08,1.5400001E-07,3.0900000E-07,1.565000,-2.339417,-999,
30381-98-7,1221.490,385.0000,126.6350,2.7500000E-06,9.9999997E-10,-999,-999,-999,7.1400001E-09,3.2199999E-08,6.4300004E-08,8.300000,-7.080044,-999,
27619-97-2,428.1600,251.9500,61.01500,0.4128031,2.5621263E-02,-999,-999,-999,7.1400001E-09,3.2199999E-08,6.4300004E-08,2.660000,-1.543000,-999,
75-73-0,88.00500,-115.0000,-174.1600,1.6295000E+07,11.00000,-999,-999,-999,8.5700002E-08,3.8600001E-07,7.7200002E-07,1.185000,5.629999,-999,
2641-34-1,498.0670,158.0000,-3.665000,108.2575,1.4823300E-04,-999,-999,-999,7.1400001E-09,3.2199999E-08,6.4300004E-08,5.860000,0.6299160,-999,
60699-51-6,764.1690,275.7350,70.30000,0.3902622,9.9999997E-10,-999,-999,-999,7.1400001E-09,3.2199999E-08,6.4300004E-08,9.605000,1.078254,-999,
31506-32-8,513.1700,253.4650,76.55000,15.80436,5.1000002E-06,-999,-999,-999,7.1400001E-09,3.2199999E-08,6.4300004E-08,5.705000,-3.431198,-999,
38436-16-7,361.1000,100.8850,-13.07500,3475.327,1.2268100E-04,-999,-999,-999,7.1400001E-09,3.2199999E-08,6.4300004E-08,5.400000,2.910593,-999,
52299-26-0,600.0630,238.3000,72.70000,0.1189751,3.3700001E-06,-999,-999,-999,7.1400001E-09,3.2199999E-08,6.4300004E-08,4.800000,-3.853384,-999,
306-94-5,462.0810,142.0000,-13.80000,1047.786,6.9399998E-06,-999,-999,-999,7.1400001E-09,3.2199999E-08,6.4300004E-08,6.220000,5.021204,-999,
30046-31-2,774.0510,252.4600,41.13500,1.773183,9.9999997E-10,-999,-999,-999,7.1400001E-09,3.2199999E-08,6.4300004E-08,10.19000,2.991612,-999,
610800-34-5,802.0860,201.0100,27.47000,7.910000,7.4000001E-10,-999,-999,-999,7.1400001E-09,3.2199999E-08,6.4300004E-08,8.300000,4.342000,-999,
371771-07-2,540.5000,583.7000,275.1200,1.4550000E-15,6.4565398E-04,-999,-999,-999,1.1300000E-06,1.1300000E-06,1.1300000E-06,4.105000,-11.75668,170710.0,
335-42-2,216.0300,17.20000,-84.01500,79326.59,3.450000,-999,-999,-999,2.1400000E-08,9.6500003E-08,1.9300001E-07,2.000000,2.313580,-999,
3871-99-6,438.2000,369.0200,190.2000,0.6632775,0.5554541,-999,-999,-999,7.1400001E-09,3.2199999E-08,6.4300004E-08,2.150000,-4.702027,-999,
776-04-5,244.6200,279.1600,-79.46000,0.2785970,0.2089296,-999,-999,-999,3.4999999E-07,3.4999999E-07,3.4999999E-07,2.830000,-3.763641,56742.00,
847-51-8,320.1670,340.8600,164.7050,3.6000001E-05,0.2655801,-999,-999,-999,7.1400001E-09,3.2199999E-08,6.4300004E-08,2.515000,-8.248079,-999,
98349-25-8,293.2700,358.4750,128.5800,2.7520000E-04,9.8066628E-02,-999,-999,-999,7.1400001E-09,3.2199999E-08,6.4300004E-08,2.715000,-6.033877,-999,
15166-06-0,414.0700,193.3850,34.34000,43.04782,8.0590200E-04,-999,-999,-999,7.1400001E-09,3.2199999E-08,6.4300004E-08,5.220000,-1.439488,-999,
103055-07-8,511.1500,464.1700,232.1500,1.1355500E-06,4.3700002E-05,1.8196852E-08,-999,1.3433781E-07,2.4500000E-08,2.4500000E-08,2.4500000E-08,5.968250,-7.830300,131060.0,
1204298-65-6,176.1230,275.9300,92.16000,0.3679685,62.28602,-999,-999,-999,8.5700002E-08,3.8600001E-07,7.7200002E-07,0.7910000,-4.642300,-999,
138526-69-9,210.9900,151.9300,2.795500,605.1820,0.3452438,-999,-999,-999,3.4999999E-07,3.4999999E-07,3.4999999E-07,3.160000,-0.7384100,35244.00,
76-12-0,203.8300,85.49002,0.7223200,6882.690,0.5011872,-999,-999,-999,0.0000000E+00,0.0000000E+00,0.0000000E+00,3.410000,0.2865000,31166.00,
52299-24-8,300.0160,246.3800,31.07000,0.2890000,0.9041851,-999,-999,-999,7.1400001E-09,3.2199999E-08,6.4300004E-08,1.720000,-6.245000,-999,
86479-06-3,461.1500,461.5700,231.0900,1.6673350E-06,3.8700000E-05,-999,-999,0.0000000E+00,2.6100000E-08,2.6100000E-08,2.6100000E-08,5.603350,-8.058900,128300.0,
863090-89-5,280.0460,155.6000,18.93500,161.1618,1.191376,-999,-999,-999,2.1400000E-08,9.6500003E-08,1.9300001E-07,3.395000,-1.433383,-999,
754-91-6,499.1400,207.4350,61.20000,37.40000,1.6100001E-05,-999,-999,-999,7.1400001E-09,3.2199999E-08,6.4300004E-08,5.800000,1.876000,-999,
3330-15-2,286.0440,41.00000,-94.09500,47048.42,5.9466377E-02,-999,-999,-999,7.1400001E-09,3.2199999E-08,6.4300004E-08,3.695000,2.657963,-999,
34455-29-3,570.3700,457.2050,208.6750,1.7800259E-05,1.1460981E-02,-999,-999,-999,7.1400001E-09,3.2199999E-08,6.4300004E-08,0.9150000,-8.043918,-999,
136426-54-5,376.1800,511.8000,218.1100,1.9450001E-08,1.9054610E-03,-999,-999,0.0000000E+00,2.3700000E-08,2.3700000E-08,2.3700000E-08,3.235000,-10.66000,136480.0,
312-94-7,208.5700,205.6900,23.92000,36.12430,1.207988,-999,-999,-999,5.0099999E-08,5.0099999E-08,5.0099999E-08,2.980000,-2.167400,51076.00,
425670-75-3,427.1600,238.4500,69.21500,0.7425000,2.5681244E-02,-999,-999,-999,7.1400001E-09,3.2199999E-08,6.4300004E-08,3.620000,-3.135056,-999,
50594-66-6,361.6600,422.3700,150.0000,6.5400000E-06,4.1100001E-03,-999,-999,8.7122570E-10,3.4999999E-07,3.4999999E-07,3.4999999E-07,4.070000,-8.608374,65989.00,
2374-14-3,468.5400,225.7300,33.92000,22.19445,1.9797499E-06,-999,-999,-999,3.4999999E-07,3.4999999E-07,3.4999999E-07,6.030000,3.841500,-999,
373-88-6,135.5100,164.5050,145.0550,33930.45,2520.000,-999,-999,-999,3.4300001E-08,1.5400001E-07,3.0900000E-07,-1.368000,-4.737945,-999,
1000-28-8,300.0710,55.12000,-86.93000,33730.47,3.2639999E-03,-999,-999,-999,7.1400001E-09,3.2199999E-08,6.4300004E-08,4.230000,2.326000,-999,
75-71-8,120.9100,-23.10000,-141.5000,645805.9,4.000000,-999,-999,-999,3.4300001E-08,1.5400001E-07,3.0900000E-07,2.105000,4.541011,-999,
