,2012/12/31_Cdis,2013/12/31_Cdis,
   9000284,    0.95882E-13,    0.59584E-13,
   9000286,    0.22928E-12,    0.98719E-13,
   9000812,    0.20033E-09,    0.24816E-09,
   9000815,    0.11610E-11,    0.23333E-12,
   9000851,    0.91139E-13,    0.28613E-13,
   9000852,    0.76221E-13,    0.28754E-13,
   9000854,    0.34827E-13,    0.48835E-13,
   9000976,    0.52051E-13,    0.25483E-13,
   9001235,    0.17008E-11,    0.10285E-11,
   9500211,    0.17663E-12,    0.59159E-13,
   9500217,    0.16400E-09,    0.27731E-09,
   9500233,    0.46576E-12,    0.17746E-12,
   9500236,    0.79930E-18,    0.13971E-18,
   9500239,    0.13271E-12,    0.10991E-12,
   9500242,    0.28326E-12,    0.15579E-12,
   9500243,    0.48285E-13,    0.41992E-13,
   9500245,    0.62699E-12,    0.38454E-12,
   9500247,    0.33786E-13,    0.32356E-13,
   9500248,    0.55202E-12,    0.22657E-12,
   9500256,    0.51701E-13,    0.80849E-14,
   9500266,    0.14512E-12,    0.16977E-12,
   9500267,    0.91695E-14,    0.95527E-14,
   9500268,    0.80088E-20,    0.10006E-18,
   9500269,    0.57444E-12,    0.13297E-11,
   9500272,    0.37961E-19,    0.16252E-18,
   9500273,    0.20658E-20,    0.94287E-19,
   9500274,    0.27836E-19,    0.93645E-19,
   9500275,    0.71554E-18,    0.66681E-17,
   9500278,    0.50121E-13,    0.32809E-14,
   9500279,    0.94136E-13,    0.71496E-13,
   9500280,    0.13611E-12,    0.31496E-13,
   9500281,    0.60295E-13,    0.18645E-13,
   9500282,    0.12157E-12,    0.46998E-12,
   9500285,    0.78567E-13,    0.89869E-14,
   9500291,    0.26874E-12,    0.11050E-12,
   9500296,    0.33636E-13,    0.47403E-14,
   9500320,    0.20493E-19,    0.94396E-19,
   9500414,    0.11720E-13,    0.14198E-13,
   9500416,    0.38795E-13,    0.42811E-11,
   9500417,    0.10783E-12,    0.10307E-13,
   9500426,    0.82510E-13,    0.10713E-12,
   9500853,    0.32243E-12,    0.16051E-12,
   9502855,    0.19990E-11,    0.10986E-11,
   9502868,    0.14802E-11,    0.82266E-12,
   9502870,    0.12015E-13,    0.43043E-14,
   9502877,    0.17249E-13,    0.13811E-13,
   9502914,    0.14595E-13,    0.53866E-14,
   9502917,    0.15025E-12,    0.15739E-12,
   9502933,    0.18723E-12,    0.14847E-12,
   9502953,    0.16724E-09,    0.31468E-09,
   9502955,    0.73538E-12,    0.31689E-12,
   9502957,    0.46672E-12,    0.38036E-12,
   9502959,    0.76207E-14,    0.33091E-14,
   9502967,    0.30999E-13,    0.14982E-13,
   9502978,    0.61441E-10,    0.43152E-10,
   9503015,    0.75061E-14,    0.40586E-14,
   9503019,    0.17953E-12,    0.10171E-12,
   9503057,    0.13603E-13,    0.57662E-14,
   9503075,    0.67463E-11,    0.13169E-10,
   9503077,    0.13510E-13,    0.57896E-14,
   9503079,    0.39025E-12,    0.20133E-12,
   9503128,    0.68936E-12,    0.47743E-12,
   9503130,    0.25934E-12,    0.83100E-13,
   9503140,    0.12359E-13,    0.58757E-14,
   9503145,    0.31569E-13,    0.26410E-13,
   9503172,    0.74969E-13,    0.22735E-13,
   9503183,    0.31873E-12,    0.14092E-12,
   9503196,    0.27466E-12,    0.75525E-13,
   9503259,    0.15241E-11,    0.20950E-11,
   9503261,    0.35227E-12,    0.17457E-12,
   9503269,    0.74338E-14,    0.28039E-14,
   9503339,    0.52641E-13,    0.34633E-13,
   9503391,    0.84151E-13,    0.35161E-13,
   9503410,    0.62269E-12,    0.10988E-11,
   9503419,    0.25122E-12,    0.89992E-13,
   9503423,    0.52617E-13,    0.14274E-13,
   9503432,    0.12018E-13,    0.40478E-14,
   9503433,    0.11811E-12,    0.92834E-13,
   9503435,    0.25422E-12,    0.25087E-11,
   9503515,    0.92662E-13,    0.73236E-13,
   9503560,    0.30849E-13,    0.12725E-13,
   9503713,    0.70104E-13,    0.14230E-13,
   9503733,    0.87315E-12,    0.93923E-12,
   9503756,    0.35245E-12,    0.22010E-12,
   9503807,    0.44759E-12,    0.31612E-12,
   9503839,    0.75921E-11,    0.33637E-10,
   9503971,    0.17791E-14,    0.90209E-15,
   9504120,    0.74075E-19,    0.13975E-18,
   9504157,    0.10725E-11,    0.44959E-12,
   9504158,    0.15380E-11,    0.36497E-12,
   9504193,    0.41828E-12,    0.33438E-12,
   9504221,    0.42461E-12,    0.25116E-12,
   9504289,    0.14810E-13,    0.14888E-13,
   9504332,    0.33407E-12,    0.78710E-12,
   9504367,    0.93482E-13,    0.12596E-12,
   9504375,    0.74274E-13,    0.10959E-12,
   9504406,    0.43863E-12,    0.83059E-13,
   9504414,    0.29398E-12,    0.60926E-12,
   9504466,    0.22885E-12,    0.14855E-12,
   9504496,    0.21401E-12,    0.70962E-13,
   9504525,    0.15872E-09,    0.19103E-09,
   9504549,    0.51189E-13,    0.83801E-13,
   9504559,    0.23442E-12,    0.70336E-13,
   9504570,    0.13931E-10,    0.34574E-10,
   9504633,    0.20123E-12,    0.99213E-13,
   9504663,    0.24747E-12,    0.21851E-12,
   9504683,    0.91985E-13,    0.11077E-12,
   9504703,    0.33733E-12,    0.15014E-12,
   9507390,    0.69427E-11,    0.10053E-10,
   9508545,    0.25616E-11,    0.18060E-11,
   9508684,    0.92039E-12,    0.44420E-12,
   9516947,    0.56204E-13,    0.41994E-13,
   9516981,    0.22936E-13,    0.11032E-13,
   9517001,    0.51613E-13,    0.26501E-13,
   9517019,    0.95545E-14,    0.47032E-14,
   9517023,    0.26376E-13,    0.15969E-13,
   9517037,    0.25531E-13,    0.22259E-13,
   9517056,    0.12830E-12,    0.42505E-13,
   9517064,    0.71547E-13,    0.46643E-14,
   9517071,    0.28856E-13,    0.48035E-14,
   9517106,    0.57979E-11,    0.40320E-10,
   9517115,    0.36156E-13,    0.11327E-13,
   9517146,    0.11463E-12,    0.16516E-12,
   9517150,    0.22127E-11,    0.49145E-11,
   9517159,    0.37849E-13,    0.29556E-13,
   9517169,    0.17717E-14,    0.87545E-15,
   9517171,    0.15828E-13,    0.76794E-14,
   9517176,    0.75181E-14,    0.12638E-14,
   9517190,    0.81896E-12,    0.16344E-11,
   9517216,    0.61645E-13,    0.27679E-13,
   9517224,    0.28701E-13,    0.72942E-14,
   9517231,    0.37766E-14,    0.67335E-15,
   9517232,    0.74872E-14,    0.32988E-14,
   9517236,    0.59400E-13,    0.69382E-14,
   9517249,    0.79843E-13,    0.14774E-13,
   9517251,    0.51937E-13,    0.62164E-13,
   9517269,    0.15857E-13,    0.23708E-14,
   9517303,    0.30793E-13,    0.39671E-13,
   9517306,    0.20322E-12,    0.79828E-12,
   9517335,    0.25050E-10,    0.53231E-10,
   9517353,    0.42466E-13,    0.14910E-13,
   9517376,    0.36919E-13,    0.13436E-13,
   9517377,    0.70278E-12,    0.42785E-11,
   9517380,    0.60139E-13,    0.23331E-13,
   9517383,    0.76159E-13,    0.96480E-14,
   9517388,    0.24421E-13,    0.99405E-14,
   9517411,    0.31616E-13,    0.97141E-14,
   9517415,    0.24078E-13,    0.13522E-13,
   9517422,    0.32604E-12,    0.20392E-13,
   9517432,    0.75800E-14,    0.39233E-14,
   9517435,    0.88583E-13,    0.29933E-13,
   9517446,    0.33122E-12,    0.16490E-12,
   9517457,    0.12305E-13,    0.74673E-14,
   9517459,    0.81912E-12,    0.33551E-09,
   9517460,    0.64153E-13,    0.51028E-14,
   9517471,    0.40303E-13,    0.75623E-14,
   9517477,    0.15073E-13,    0.84237E-14,
   9517481,    0.52997E-13,    0.73478E-14,
   9517496,    0.53385E-13,    0.35987E-13,
   9517498,    0.25396E-13,    0.59255E-14,
   9517510,    0.18239E-13,    0.28749E-14,
   9517518,    0.57406E-11,    0.95753E-11,
   9517522,    0.74037E-14,    0.17379E-14,
   9517525,    0.12816E-12,    0.17491E-13,
   9517526,    0.14771E-13,    0.51530E-14,
   9517543,    0.30412E-13,    0.91519E-14,
   9517548,    0.96675E-13,    0.14762E-13,
   9517551,    0.14188E-13,    0.44232E-14,
   9517556,    0.33250E-12,    0.56850E-12,
   9517587,    0.11639E-12,    0.71464E-13,
   9517601,    0.61451E-12,    0.27600E-11,
   9517610,    0.12044E-12,    0.14088E-13,
   9517614,    0.26759E-13,    0.22636E-13,
   9517616,    0.19336E-13,    0.10196E-13,
   9517624,    0.20017E-10,    0.39793E-10,
   9517627,    0.56584E-09,    0.11865E-08,
   9517661,    0.72548E-14,    0.19873E-14,
   9517673,    0.69678E-14,    0.77800E-15,
   9517677,    0.72761E-14,    0.28373E-14,
   9517681,    0.54754E-11,    0.18095E-10,
   9517682,    0.33559E-13,    0.56951E-14,
   9517683,    0.15551E-13,    0.31397E-14,
   9517710,    0.13990E-13,    0.76289E-15,
   9517712,    0.79302E-13,    0.13592E-13,
   9517715,    0.25121E-12,    0.19942E-11,
   9517724,    0.19156E-12,    0.25736E-13,
   9517726,    0.74574E-13,    0.42419E-13,
   9517730,    0.16317E-13,    0.35476E-14,
   9517737,    0.15059E-10,    0.14839E-09,
   9517744,    0.19073E-13,    0.20709E-13,
   9517746,    0.68049E-14,    0.30340E-14,
   9517764,    0.29447E-13,    0.96702E-14,
   9517775,    0.17729E-12,    0.16744E-09,
   9517776,    0.86255E-13,    0.39654E-13,
   9517782,    0.17583E-13,    0.88911E-14,
   9517787,    0.47985E-13,    0.62847E-14,
   9517788,    0.83213E-13,    0.21443E-13,
   9517790,    0.92890E-13,    0.13325E-10,
   9517793,    0.88736E-13,    0.20200E-08,
   9517803,    0.25470E-13,    0.10064E-13,
   9517810,    0.60771E-14,    0.19926E-14,
   9517822,    0.35405E-10,    0.20918E-09,
   9517848,    0.25555E-13,    0.72790E-14,
   9517850,    0.70215E-13,    0.49269E-13,
   9517857,    0.19349E-13,    0.14422E-13,
   9517860,    0.35763E-15,    0.10036E-16,
   9517876,    0.36667E-13,    0.12581E-13,
   9517883,    0.16456E-13,    0.67369E-14,
   9517895,    0.40662E-13,    0.21383E-14,
   9517898,    0.49817E-09,    0.30051E-09,
   9517899,    0.83942E-13,    0.14882E-13,
   9517909,    0.46739E-12,    0.48320E-12,
   9517915,    0.56691E-13,    0.12313E-12,
   9517929,    0.53474E-13,    0.14033E-13,
   9517942,    0.15302E-14,    0.11369E-15,
   9517956,    0.11251E-11,    0.50816E-12,
   9517961,    0.11713E-12,    0.43650E-13,
   9517963,    0.49871E-12,    0.29594E-12,
   9517965,    0.48981E-13,    0.10929E-13,
   9517985,    0.14043E-12,    0.43760E-13,
   9518010,    0.21766E-12,    0.28554E-12,
   9518025,    0.11777E-12,    0.26855E-13,
   9518030,    0.12905E-12,    0.27125E-13,
   9518036,    0.25881E-13,    0.24664E-14,
   9518052,    0.80360E-12,    0.14785E-11,
   9518054,    0.81351E-10,    0.16214E-09,
   9518062,    0.93737E-12,    0.62335E-12,
   9518073,    0.64200E-12,    0.69558E-12,
   9518082,    0.97598E-13,    0.20116E-13,
   9518086,    0.49874E-12,    0.18485E-12,
   9518092,    0.25078E-12,    0.82505E-13,
   9518101,    0.95803E-13,    0.90686E-13,
   9518116,    0.31495E-13,    0.91106E-14,
   9518119,    0.11166E-12,    0.25013E-13,
   9518120,    0.23785E-12,    0.54392E-12,
   9518122,    0.40601E-12,    0.12482E-12,
   9518128,    0.13635E-11,    0.10448E-12,
   9518130,    0.26140E-13,    0.72624E-13,
   9518136,    0.84701E-13,    0.23994E-13,
   9518142,    0.80417E-14,    0.10883E-13,
   9518166,    0.21051E-12,    0.12030E-12,
   9518174,    0.17923E-12,    0.10950E-12,
   9518192,    0.29464E-12,    0.23485E-12,
   9518205,    0.64096E-12,    0.56350E-12,
   9518210,    0.37573E-12,    0.27002E-12,
   9518212,    0.62740E-13,    0.88924E-14,
   9518218,    0.62268E-12,    0.80224E-13,
   9518219,    0.17596E-11,    0.36897E-12,
   9518244,    0.91768E-12,    0.14624E-11,
   9518249,    0.55672E-13,    0.85587E-14,
   9518255,    0.85817E-14,    0.17386E-14,
   9518267,    0.24681E-11,    0.18170E-11,
   9518272,    0.39708E-13,    0.28118E-14,
   9518281,    0.63352E-12,    0.10973E-12,
   9518296,    0.10604E-11,    0.48309E-12,
   9518328,    0.37078E-13,    0.19375E-13,
   9518365,    0.32479E-13,    0.85992E-14,
   9518400,    0.73591E-14,    0.17636E-14,
   9518403,    0.68983E-21,    0.60054E-18,
   9518406,    0.83912E-14,    0.61157E-14,
   9518414,    0.69193E-20,    0.99992E-19,
   9518438,    0.24961E-19,    0.36756E-18,
   9518450,    0.81225E-14,    0.67151E-14,
   9518457,    0.20168E-11,    0.84795E-12,
   9518461,    0.23880E-16,    0.17657E-16,
   9518480,    0.40210E-13,    0.29195E-13,
   9518495,    0.37749E-12,    0.29595E-13,
   9518542,    0.72227E-21,    0.93555E-19,
   9518587,    0.11154E-19,    0.95382E-19,
   9518591,    0.15779E-13,    0.47387E-13,
   9518646,    0.27062E-11,    0.90594E-12,
   9518667,    0.43084E-17,    0.41060E-17,
   9518688,    0.34643E-13,    0.17759E-14,
   9518701,    0.66557E-21,    0.93267E-19,
   9518738,    0.68719E-19,    0.92788E-19,
   9518739,    0.17298E-12,    0.56314E-13,
   9518758,    0.29125E-19,    0.93402E-19,
   9518778,    0.27674E-13,    0.28934E-13,
   9518824,    0.12827E-19,    0.34407E-18,
   9590917,    0.13361E-13,    0.36880E-13,
   9590926,    0.89391E-14,    0.16941E-14,
   9591036,    0.15751E-13,    0.43647E-13,
   9591060,    0.41402E-14,    0.12093E-13,
   9591063,    0.87105E-13,    0.82553E-14,
   9591075,    0.51186E-14,    0.10826E-14,
   9591095,    0.11006E-12,    0.18384E-13,
   9591125,    0.10079E-13,    0.16435E-14,
   9591204,    0.15730E-13,    0.17931E-14,
   9591230,    0.19914E-13,    0.24636E-14,
   9591754,    0.12643E-20,    0.94087E-19,
   9591993,    0.56097E-20,    0.11285E-18,
   9592117,    0.50800E-20,    0.58925E-18,
   9592146,    0.20685E-13,    0.73831E-13,
   9592149,    0.16304E-14,    0.12713E-14,
   9592778,    0.54700E-12,    0.36349E-14,
   9592782,    0.52474E-13,    0.84156E-14,
   9592785,    0.15876E-12,    0.16550E-13,
   9592789,    0.73188E-13,    0.50311E-14,
   9592805,    0.65927E-13,    0.84656E-14,
   9592810,    0.10615E-12,    0.18023E-13,
   9592815,    0.11100E-12,    0.34115E-13,
   9592819,    0.65698E-13,    0.63262E-14,
   9592867,    0.32536E-13,    0.36356E-14,
   9592881,    0.92787E-13,    0.73737E-14,
   9592882,    0.28010E-12,    0.46904E-14,
   9592889,    0.57480E-13,    0.75100E-14,
   9592894,    0.90003E-12,    0.12646E-13,
   9592907,    0.74785E-12,    0.65120E-14,
   9592911,    0.40754E-11,    0.35918E-10,
   9592923,    0.89221E-13,    0.54112E-14,
   9592930,    0.41487E-14,    0.15352E-14,
   9592953,    0.16588E-12,    0.29185E-12,
   9592959,    0.66683E-13,    0.14037E-14,
   9592981,    0.44361E-13,    0.45685E-14,
   9593006,    0.76824E-13,    0.76392E-14,
   9593007,    0.24040E-13,    0.32632E-14,
   9593010,    0.38828E-13,    0.50550E-15,
   9593032,    0.55457E-13,    0.70329E-14,
   9593044,    0.50046E-13,    0.47088E-14,
   9593048,    0.38341E-13,    0.73458E-14,
   9593056,    0.89374E-13,    0.74919E-14,
   9593062,    0.70312E-14,    0.18600E-14,
   9593065,    0.64099E-13,    0.69369E-14,
   9593068,    0.74996E-13,    0.19000E-13,
   9593073,    0.86523E-13,    0.97810E-14,
   9593082,    0.10171E-10,    0.67518E-10,
   9593086,    0.15861E-12,    0.10545E-12,
   9593103,    0.14845E-12,    0.24726E-10,
   9593120,    0.62256E-13,    0.89354E-14,
   9593135,    0.19695E-12,    0.41534E-14,
   9593141,    0.32789E-13,    0.45647E-14,
   9593152,    0.10052E-12,    0.36842E-14,
   9593158,    0.49803E-13,    0.17735E-14,
   9593164,    0.26717E-13,    0.27788E-14,
   9593191,    0.31139E-12,    0.28174E-14,
   9593199,    0.63393E-12,    0.17220E-13,
   9593210,    0.51646E-13,    0.42411E-14,
   9593218,    0.86563E-12,    0.14507E-13,
   9593227,    0.11807E-11,    0.29009E-12,
   9593229,    0.10911E-12,    0.26087E-14,
   9593239,    0.74851E-13,    0.14749E-13,
   9593248,    0.48237E-11,    0.29476E-10,
   9593249,    0.59805E-13,    0.19321E-14,
   9705969,    0.17251E-11,    0.11710E-11,
   9518318,    0.19366E-10,    0.83857E-10,
   9517173,    0.52719E-13,    0.59469E-13,
   9000979,    0.39345E-20,    0.49782E-18,
   9592035,    0.30451E-20,    0.22991E-18,
   9518458,    0.62601E-21,    0.90522E-18,
   9503911,    0.68760E-12,    0.64175E-12,
   9592791,    0.39549E-13,    0.10165E-14,
   9517923,    0.10576E-13,    0.93491E-14,
   9518425,    0.88362E-14,    0.26327E-15,
   9518550,    0.16448E-13,    0.28556E-13,
   9591822,    0.11080E-16,    0.86757E-17,
   9500295,    0.64066E-13,    0.83499E-14,
   9500603,    0.46480E-13,    0.70400E-13,
   9517926,    0.91568E-13,    0.87858E-13,
   9500238,    0.39888E-13,    0.58277E-13,
   9503136,    0.19090E-12,    0.75489E-13,
   9000809,    0.11188E-09,    0.94050E-10,
   9593089,    0.65709E-14,    0.16841E-14,
   9500499,    0.42882E-12,    0.52996E-12,
   9500287,    0.17954E-12,    0.74707E-12,
   9592998,    0.29996E-12,    0.11206E-11,
   9517971,    0.62410E-10,    0.10748E-09,
   9500409,    0.22665E-13,    0.25643E-13,
   9500262,    0.27256E-12,    0.21696E-12,
   9517004,    0.39421E-12,    0.86127E-12,
   9517689,    0.18649E-12,    0.27371E-10,
   9000813,    0.12548E-11,    0.66558E-12,
   9500258,    0.39551E-13,    0.28496E-14,
   9517080,    0.13995E-13,    0.12315E-13,
   9517951,    0.17243E-12,    0.26205E-13,
   9518112,    0.21271E-13,    0.21508E-14,
   9500283,    0.11660E-12,    0.25981E-13,
   9592903,    0.49040E-13,    0.45678E-14,
   9000850,    0.63661E-13,    0.67262E-13,
   9500276,    0.12145E-12,    0.28389E-13,
   9592840,    0.16584E-11,    0.10703E-10,
   9000980,    0.53085E-20,    0.24131E-17,
   9500277,    0.49537E-12,    0.11447E-11,
   9503678,    0.15473E-13,    0.49679E-14,
   9001234,    0.15723E-11,    0.94265E-12,
   9518292,    0.44497E-12,    0.91459E-12,
   9517825,    0.28804E-13,    0.74287E-14,
   9593225,    0.74554E-12,    0.10025E-13,
   9504555,    0.68046E-11,    0.10490E-10,
   9500410,    0.31708E-12,    0.21456E-12,
   9504039,    0.47200E-12,    0.32704E-12,
   9500284,    0.37746E-13,    0.30175E-11,
   9518452,    0.28475E-12,    0.36306E-12,
   9518124,    0.15478E-11,    0.23778E-11,
   9500255,    0.41282E-13,    0.64355E-14,
   9500213,    0.14792E-09,    0.24120E-09,
   9517479,    0.44774E-13,    0.29791E-13,
   9517816,    0.19309E-13,    0.96660E-14,
   9592784,    0.39490E-12,    0.46600E-14,
   9517785,    0.27707E-12,    0.11555E-12,
   9500294,    0.78392E-13,    0.55533E-14,
   9517493,    0.11637E-12,    0.19526E-13,
   9000978,    0.13693E-11,    0.29364E-11,
   9518072,    0.13569E-12,    0.18885E-13,
   9517402,    0.12465E-13,    0.47191E-14,
   9518590,    0.17741E-13,    0.26199E-13,
   9592868,    0.16295E-12,    0.16717E-13,
   9517855,    0.19783E-12,    0.85999E-12,
   9517777,    0.22900E-12,    0.87752E-12,
   9500264,    0.45155E-12,    0.11315E-11,
   9517049,    0.25042E-13,    0.97848E-14,
   9504560,    0.20987E-12,    0.12882E-12,
   9518570,    0.47362E-12,    0.14567E-11,
   9503062,    0.22697E-13,    0.53772E-13,
   9593223,    0.26048E-13,    0.22428E-14,
   9593052,    0.43688E-12,    0.27404E-14,
   9517948,    0.17969E-12,    0.27093E-13,
   9517534,    0.38888E-13,    0.21658E-11,
   9518497,    0.13096E-12,    0.18860E-14,
   9517447,    0.16135E-13,    0.41884E-15,
   9503380,    0.15374E-12,    0.87540E-13,
   9517881,    0.17837E-13,    0.22306E-14,
   9500254,    0.14395E-11,    0.29239E-11,
   9503244,    0.60812E-13,    0.19059E-13,
   9518640,    0.10828E-13,    0.10016E-13,
   9517606,    0.25190E-13,    0.52850E-14,
   9517729,    0.22200E-12,    0.99650E-12,
   9591828,    0.44290E-14,    0.18504E-14,
   9517705,    0.18802E-10,    0.33635E-10,
   9517697,    0.62149E-13,    0.15124E-10,
   9518577,    0.61352E-21,    0.35971E-17,
   9518332,    0.14662E-11,    0.35290E-11,
   9503061,    0.24872E-13,    0.40469E-13,
   9518179,    0.62677E-13,    0.52629E-13,
   9504337,    0.27750E-12,    0.56247E-12,
   9517812,    0.72449E-12,    0.65462E-11,
   9518105,    0.15459E-12,    0.25479E-13,
   9518732,    0.20196E-19,    0.64944E-18,
   9503800,    0.53028E-11,    0.16092E-10,
   9518358,    0.22696E-13,    0.25866E-13,
   9517602,    0.29706E-13,    0.28165E-13,
   9517798,    0.28492E-13,    0.53399E-14,
   9517585,    0.10514E-12,    0.14532E-13,
   9500261,    0.52755E-12,    0.13786E-11,
   9518535,    0.64989E-20,    0.70884E-17,
   9593033,    0.50085E-13,    0.48186E-14,
   9591133,    0.72628E-13,    0.64418E-14,
   9500246,    0.48126E-12,    0.35293E-12,
   9504353,    0.53989E-10,    0.57845E-10,
   9503199,    0.30156E-12,    0.79669E-13,
   9000917,    0.14623E-13,    0.26032E-14,
   9504667,    0.67841E-11,    0.18468E-10,
   9517680,    0.46753E-12,    0.91260E-10,
   9518044,    0.62172E-10,    0.67841E-10,
   9517636,    0.68776E-11,    0.67791E-10,
   9517289,    0.35662E-12,    0.77256E-12,
   9500439,    0.47514E-11,    0.72108E-11,
   9518043,    0.82884E-10,    0.15895E-09,
   9517853,    0.46086E-13,    0.32970E-13,
   9593213,    0.37130E-11,    0.26045E-10,
   9518676,    0.34995E-14,    0.52389E-15,
   9518257,    0.20280E-12,    0.11561E-12,
   9593174,    0.47931E-13,    0.28660E-14,
   9593219,    0.25675E-12,    0.17061E-11,
   9502925,    0.11367E-10,    0.14928E-10,
   9518276,    0.13071E-09,    0.33964E-09,
   9503453,    0.15757E-12,    0.24733E-12,
   9518015,    0.45017E-13,    0.11307E-13,
   9592893,    0.10920E-11,    0.58776E-11,
   9502863,    0.26175E-12,    0.14414E-12,
   9592147,    0.48835E-13,    0.20839E-12,
   9500394,    0.87231E-11,    0.73841E-11,
   9504225,    0.18434E-11,    0.18492E-11,
   9591171,    0.18133E-13,    0.15243E-13,
   9503131,    0.18632E-11,    0.30554E-11,
   9500251,    0.13828E-11,    0.25915E-11,
   9517317,    0.32004E-12,    0.58782E-12,
   9516959,    0.12644E-13,    0.52106E-14,
   9517058,    0.39401E-13,    0.17987E-13,
   9518190,    0.27605E-11,    0.45858E-11,
   9500290,    0.42490E-11,    0.65099E-11,
   9517110,    0.69860E-14,    0.10235E-14,
   9501276,    0.17336E-12,    0.27147E-12,
   9517078,    0.16921E-10,    0.34274E-10,
   9592979,    0.14242E-11,    0.23648E-11,
   9518478,    0.34788E-20,    0.16647E-17,
   9500244,    0.73719E-11,    0.67128E-11,
   9518000,    0.71971E-13,    0.58530E-14,
   9517102,    0.33789E-13,    0.94604E-14,
   9503181,    0.65212E-10,    0.10413E-09,
   9593226,    0.89705E-12,    0.32457E-11,
   9503422,    0.15762E-12,    0.92525E-12,
   9503091,    0.34279E-12,    0.12074E-12,
   9516979,    0.26547E-13,    0.26160E-13,
   9502864,    0.24202E-13,    0.16706E-13,
   9504502,    0.38106E-11,    0.58451E-11,
   9593084,    0.70857E-13,    0.12234E-13,
   9503288,    0.22315E-12,    0.74648E-13,
   9518231,    0.50790E-10,    0.61336E-10,
   9592969,    0.53758E-13,    0.56166E-14,
   9517020,    0.35011E-13,    0.82378E-14,
   9592908,    0.40636E-12,    0.40497E-14,
   9517184,    0.20875E-11,    0.89853E-11,
   9593198,    0.38397E-12,    0.42583E-14,
   9517000,    0.16483E-11,    0.40944E-11,
   9593131,    0.27749E-12,    0.19329E-11,
   9503011,    0.48591E-10,    0.73805E-10,
   9517692,    0.29456E-13,    0.58878E-14,
   9593015,    0.38359E-12,    0.43878E-14,
   9518708,    0.49433E-12,    0.15726E-11,
   9517993,    0.55744E-13,    0.36296E-13,
   9592997,    0.63154E-13,    0.27176E-14,
   9504583,    0.35647E-11,    0.56013E-11,
   9504577,    0.49093E-10,    0.56741E-10,
   9592901,    0.14259E-11,    0.20128E-11,
   9518335,    0.55648E-13,    0.36795E-13,
   9503254,    0.10826E-11,    0.20607E-11,
   9592938,    0.36925E-11,    0.24671E-10,
   9517654,    0.36412E-11,    0.64791E-11,
   9503242,    0.12946E-11,    0.26317E-11,
   9517657,    0.59784E-12,    0.13388E-11,
   9591199,    0.26918E-12,    0.53854E-12,
   9517129,    0.39418E-13,    0.18665E-13,
   9517768,    0.15503E-10,    0.24170E-10,
   9504277,    0.47652E-11,    0.11551E-10,
   9518144,    0.13498E-12,    0.22086E-13,
   9503189,    0.21785E-12,    0.12179E-12,
   9518234,    0.10899E-12,    0.61918E-13,
   9518825,    0.27080E-13,    0.13866E-13,
   9517540,    0.14300E-12,    0.73905E-13,
   9592834,    0.53615E-13,    0.42988E-14,
   9518310,    0.71322E-12,    0.16277E-11,
   9500259,    0.46499E-10,    0.56009E-10,
   9518051,    0.13725E-12,    0.22638E-13,
   9518710,    0.13175E-12,    0.23887E-12,
   9518088,    0.38079E-10,    0.69354E-10,
   9503345,    0.63176E-12,    0.24036E-11,
   9518496,    0.35107E-13,    0.80842E-13,
   9500250,    0.17228E-12,    0.23198E-12,
   9517763,    0.11518E-12,    0.61017E-13,
   9518821,    0.21250E-11,    0.30587E-11,
   9517394,    0.25602E-12,    0.86944E-12,
   9592940,    0.29507E-12,    0.48933E-14,
   9518474,    0.35929E-15,    0.43028E-15,
   9503167,    0.55855E-10,    0.66104E-10,
   9593142,    0.23800E-12,    0.10694E-13,
   9504475,    0.40429E-11,    0.95010E-11,
   9500249,    0.15238E-12,    0.19396E-12,
   9500847,    0.98213E-12,    0.13370E-11,
   9500623,    0.58654E-12,    0.80444E-12,
   9517590,    0.18469E-13,    0.89684E-14,
   9593027,    0.28084E-12,    0.17737E-11,
   9517659,    0.19460E-12,    0.63259E-12,
   9517516,    0.19106E-13,    0.88368E-14,
   9517646,    0.32160E-12,    0.19654E-11,
   9503702,    0.10326E-11,    0.26552E-11,
   9593112,    0.25783E-12,    0.10716E-13,
   9518146,    0.36505E-12,    0.86238E-12,
   9518104,    0.39395E-10,    0.50554E-10,
   9518447,    0.80793E-15,    0.59100E-15,
   9518194,    0.16663E-12,    0.70869E-13,
   9503260,    0.15539E-11,    0.27362E-11,
   9517745,    0.86770E-11,    0.26784E-10,
   9504188,    0.12248E-11,    0.12544E-11,
   9592841,    0.13065E-11,    0.49024E-11,
   9504380,    0.33210E-11,    0.65312E-11,
   9517234,    0.17776E-12,    0.29617E-12,
   9502995,    0.39126E-10,    0.45801E-10,
   9517474,    0.42540E-12,    0.70787E-12,
   9504510,    0.23931E-11,    0.41867E-11,
   9517966,    0.26807E-10,    0.58381E-10,
   9517373,    0.19168E-12,    0.27158E-12,
   9518360,    0.17805E-12,    0.27551E-13,
   9517469,    0.12364E-12,    0.84924E-13,
   9517343,    0.68195E-13,    0.65058E-13,
   9517667,    0.23594E-12,    0.83333E-12,
   9517148,    0.12675E-11,    0.24234E-11,
   9518094,    0.38960E-10,    0.50899E-10,
   9502946,    0.38647E-10,    0.45804E-10,
   9518408,    0.18876E-11,    0.24810E-11,
   9517166,    0.12261E-11,    0.20251E-11,
   9517414,    0.77744E-13,    0.93275E-13,
   9504690,    0.30973E-11,    0.63941E-11,
   9517012,    0.17547E-12,    0.23230E-12,
   9518229,    0.32421E-10,    0.46445E-10,
   9593201,    0.24238E-12,    0.88439E-14,
   9500232,    0.23832E-12,    0.33434E-12,
   9503220,    0.21308E-12,    0.10127E-12,
   9501334,    0.97429E-12,    0.10911E-11,
   9517771,    0.24815E-12,    0.86067E-12,
   9592788,    0.10896E-11,    0.35466E-11,
   9593096,    0.10746E-11,    0.29707E-11,
   9518325,    0.93933E-12,    0.80168E-12,
   9517944,    0.16951E-12,    0.30804E-13,
   9504470,    0.67019E-11,    0.99159E-11,
   9517054,    0.16156E-12,    0.24036E-12,
   9592854,    0.18355E-12,    0.36785E-14,
   9500161,    0.84480E-13,    0.13817E-12,
   9516968,    0.18320E-11,    0.53882E-11,
   9592768,    0.18661E-12,    0.33434E-14,
   9592790,    0.20311E-12,    0.30082E-14,
   9517331,    0.16571E-12,    0.23885E-12,
   9518626,    0.34421E-12,    0.17651E-12,
   9504409,    0.17210E-10,    0.29880E-10,
   9517912,    0.28714E-10,    0.39151E-10,
   9518698,    0.53265E-12,    0.36507E-12,
   9593045,    0.20093E-12,    0.62363E-14,
   9517483,    0.12656E-11,    0.25162E-11,
   9517630,    0.12381E-11,    0.23932E-11,
   9518302,    0.15631E-12,    0.36156E-13,
   9504417,    0.15581E-10,    0.28226E-10,
   9503578,    0.12144E-12,    0.14934E-12,
   9000849,    0.37792E-12,    0.16817E-12,
   9517136,    0.16226E-11,    0.29074E-11,
   9503006,    0.17712E-12,    0.77106E-13,
   9000847,    0.60640E-12,    0.19802E-11,
   9504372,    0.13794E-10,    0.25863E-10,
   9518633,    0.74940E-15,    0.71443E-15,
   9518114,    0.25914E-12,    0.67453E-13,
   9517900,    0.27731E-10,    0.38368E-10,
   9518314,    0.61232E-12,    0.38748E-12,
   9517345,    0.10856E-12,    0.15827E-12,
   9593097,    0.76926E-12,    0.13493E-11,
   9517423,    0.11529E-11,    0.20636E-11,
   9517178,    0.15358E-12,    0.37193E-12,
   9517157,    0.11183E-12,    0.17122E-12,
   9592015,    0.12198E-14,    0.90448E-15,
   9503155,    0.14299E-10,    0.22619E-10,
   9517976,    0.26805E-10,    0.38265E-10,
   9504331,    0.11462E-10,    0.23296E-10,
   9592830,    0.69374E-12,    0.97885E-12,
   9517549,    0.11113E-11,    0.19396E-11,
   9592873,    0.25389E-12,    0.31909E-14,
   9517090,    0.14351E-12,    0.31256E-12,
   9503376,    0.16528E-12,    0.34164E-12,
   9517845,    0.33904E-12,    0.32322E-12,
   9517880,    0.10949E-11,    0.18703E-11,
   9516975,    0.17585E-12,    0.29683E-12,
   9503717,    0.31091E-11,    0.70613E-11,
   9503236,    0.13926E-12,    0.59770E-13,
   9593137,    0.61804E-12,    0.67074E-12,
   9502916,    0.12548E-10,    0.19700E-10,
   9518752,    0.98768E-13,    0.25369E-12,
   9503338,    0.34238E-11,    0.66258E-11,
   9592989,    0.23271E-12,    0.35555E-14,
   9593038,    0.23697E-12,    0.33717E-14,
   9591237,    0.14502E-12,    0.35922E-12,
   9517448,    0.19794E-12,    0.34023E-12,
   9503264,    0.11446E-10,    0.17910E-10,
   9517725,    0.21168E-12,    0.41308E-12,
   9517837,    0.32325E-12,    0.33706E-12,
   9518642,    0.12049E-11,    0.21366E-11,
   9503398,    0.17854E-12,    0.33492E-12,
   9503076,    0.94936E-11,    0.14975E-10,
   9503162,    0.91570E-11,    0.14350E-10,
   9593246,    0.86175E-12,    0.10748E-11,
   9517603,    0.30185E-12,    0.32914E-12,
   9517851,    0.31448E-12,    0.38101E-12,
   9517740,    0.24336E-12,    0.51810E-12,
   9517720,    0.25358E-12,    0.56045E-12,
   9518429,    0.22478E-11,    0.31390E-11,
   9590967,    0.16906E-12,    0.46515E-12,
   9590909,    0.37134E-12,    0.71708E-12,
   9590867,    0.38024E-12,    0.72326E-12,
   9590865,    0.37117E-12,    0.67449E-12,
   9504620,    0.12645E-10,    0.24808E-10,
   9502956,    0.14918E-10,    0.29235E-10,
   9593204,    0.15477E-11,    0.46667E-11,
   9503192,    0.73228E-11,    0.11695E-10,
   9503146,    0.67191E-11,    0.10532E-10,
   9503125,    0.13241E-10,    0.26963E-10,
   9592816,    0.14721E-11,    0.38284E-11,
   9593143,    0.14534E-11,    0.30723E-11,
   9502881,    0.10799E-10,    0.23194E-10,
   9500231,    0.44229E-11,    0.34157E-11,
   9517686,    0.32790E-12,    0.65419E-12,
   9518668,    0.30946E-11,    0.27305E-11,
   9517584,    0.35304E-12,    0.80558E-12,
   9503241,    0.80839E-11,    0.18401E-10,
   9518747,    0.18696E-11,    0.25881E-11,
   9518102,    0.17516E-11,    0.25100E-11,
   9503149,    0.77697E-11,    0.17726E-10,
   9518042,    0.17579E-11,    0.25189E-11,
   9518047,    0.16410E-11,    0.24465E-11,
   9517450,    0.30972E-12,    0.67661E-12,
   9518305,    0.17320E-11,    0.27980E-11,
   9503190,    0.12494E-10,    0.26541E-10,
   9517936,    0.31780E-11,    0.59873E-11,
   9500237,    0.56552E-12,    0.66612E-12,
   9503147,    0.11283E-10,    0.24817E-10,
   9517998,    0.30205E-11,    0.57957E-11,
   9502927,    0.11034E-10,    0.24396E-10,
   9518150,    0.53665E-12,    0.61205E-12,
   9503243,    0.10196E-10,    0.22805E-10,
   9518277,    0.53156E-12,    0.59501E-12,
   9592803,    0.87554E-12,    0.15770E-11,
   9593189,    0.91047E-12,    0.18100E-11,
   9592992,    0.89527E-12,    0.16349E-11,
   9593074,    0.87493E-12,    0.14952E-11,
   9517644,    0.33843E-12,    0.75907E-12,
   9592773,    0.86844E-12,    0.13291E-11,
   9517637,    0.33854E-12,    0.81428E-12,
   9517511,    0.34876E-12,    0.87451E-12,
   9593217,    0.85249E-12,    0.12809E-11,
   9592766,    0.83761E-12,    0.12252E-11,
   9517789,    0.35782E-12,    0.99749E-12,
   9000285,    0.83428E-12,    0.12240E-11,
   9518222,    0.32448E-12,    0.42875E-12,
   9592754,    0.82950E-12,    0.13057E-11,
   9518236,    0.27484E-11,    0.53165E-11,
   9593190,    0.79276E-12,    0.13008E-11,
   9518004,    0.56609E-12,    0.97697E-12,
   9518347,    0.56709E-12,    0.96908E-12,
   9517941,    0.55413E-12,    0.93992E-12,
   9518350,    0.53914E-12,    0.87766E-12,
   9503214,    0.60784E-11,    0.12271E-10,
   9518241,    0.24354E-11,    0.48882E-11,
   9592929,    0.67396E-12,    0.10255E-11,
   9592794,    0.67129E-12,    0.10586E-11,
   9593058,    0.66599E-12,    0.10537E-11,
   9517827,    0.62169E-12,    0.11940E-11,
   9517426,    0.68872E-12,    0.15681E-11,
   9517489,    0.68179E-12,    0.15494E-11,
   9517727,    0.68347E-12,    0.15637E-11,
   9517580,    0.70446E-12,    0.17664E-11,
   9517497,    0.70807E-12,    0.16617E-11,
   9517632,    0.71312E-12,    0.16332E-11,
   9517874,    0.71971E-12,    0.15613E-11,
   9502934,    0.60603E-11,    0.11554E-10,
   9517687,    0.71280E-12,    0.14683E-11,
   9517530,    0.74290E-12,    0.12963E-11,
   9503284,    0.57169E-11,    0.11011E-10,
   9502977,    0.55843E-11,    0.10803E-10,
   9503022,    0.55165E-11,    0.10747E-10,
   9503010,    0.52241E-11,    0.10523E-10,
   9517866,    0.50715E-11,    0.10450E-10,
   9517495,    0.86576E-12,    0.19671E-11,
   9517562,    0.50267E-11,    0.10538E-10,
   9517595,    0.49675E-11,    0.10793E-10,
   9517466,    0.89455E-12,    0.17297E-11,
   9517645,    0.49170E-11,    0.11143E-10,
   9517425,    0.49371E-11,    0.11325E-10,
   9517979,    0.15600E-11,    0.30978E-11,
   9518098,    0.15142E-11,    0.27890E-11,
   9518040,    0.15134E-11,    0.26738E-11,
   9517980,    0.15120E-11,    0.26631E-11,
   9518178,    0.15246E-11,    0.26099E-11,
   9518238,    0.14984E-11,    0.25851E-11,
   9518343,    0.13854E-11,    0.23760E-11,
   9518340,    0.14243E-11,    0.24454E-11,
   9518282,    0.14319E-11,    0.24872E-11,
   9500070,    0.17842E-11,    0.43996E-11,
   9518060,    0.17907E-11,    0.43673E-11,
   9518085,    0.18019E-11,    0.43018E-11,
   9517995,    0.18162E-11,    0.42624E-11,
   9518245,    0.17754E-11,    0.41541E-11,
   9517918,    0.22486E-11,    0.69427E-11,
   9517986,    0.22656E-11,    0.68302E-11,
   9517968,    0.23806E-11,    0.73003E-11,
   9518265,    0.22547E-11,    0.67121E-11,
   9518385,    0.22691E-11,    0.66165E-11,
   9518322,    0.22665E-11,    0.65693E-11,
   9518207,    0.31614E-11,    0.91534E-11,
   9517554,    0.31680E-11,    0.90722E-11,
   9517490,    0.31793E-11,    0.99147E-11,
   9517608,    0.31796E-11,    0.10213E-10,
   9517664,    0.30662E-11,    0.10000E-10,
   9517743,    0.30733E-11,    0.10107E-10,
   9517818,    0.30738E-11,    0.10264E-10,
   9517427,    0.30860E-11,    0.10426E-10,
   9517759,    0.30957E-11,    0.10596E-10,
   9517758,    0.31534E-11,    0.10906E-10,
   9517419,    0.31619E-11,    0.11021E-10,
   9517781,    0.31658E-11,    0.11100E-10,
   9517504,    0.31657E-11,    0.11344E-10,
   9500288,    0.20080E-11,    0.86491E-11,
   9517640,    0.20689E-11,    0.90238E-11,
   9517690,    0.20697E-11,    0.90442E-11,
   9517859,    0.20728E-11,    0.91199E-11,
   9517873,    0.20843E-11,    0.92045E-11,
   9517431,    0.20906E-11,    0.93102E-11,
   9517831,    0.20924E-11,    0.94984E-11,
   9517462,    0.20923E-11,    0.95698E-11,
   9517456,    0.15577E-11,    0.76536E-11,
   9517544,    0.15685E-11,    0.77680E-11,
   9517731,    0.15798E-11,    0.77640E-11,
   9517555,    0.15693E-11,    0.75533E-11,
   9517589,    0.15707E-11,    0.76037E-11,
   9517537,    0.15856E-11,    0.75039E-11,
   9517631,    0.15379E-11,    0.68296E-11,
   9517238,    0.23918E-11,    0.90608E-11,
   9517364,    0.24143E-11,    0.89461E-11,
   9517138,    0.24075E-11,    0.89705E-11,
   9517321,    0.24194E-11,    0.91751E-11,
   9517089,    0.24220E-11,    0.91975E-11,
   9503484,    0.24476E-11,    0.91738E-11,
   9503414,    0.24686E-11,    0.86355E-11,
   9503355,    0.24964E-11,    0.86605E-11,
   9503529,    0.25705E-11,    0.86671E-11,
   9503379,    0.25772E-11,    0.88131E-11,
   9503490,    0.26074E-11,    0.87257E-11,
   9503342,    0.27269E-11,    0.86529E-11,
   9503393,    0.26596E-11,    0.80212E-11,
   9503467,    0.26977E-11,    0.82349E-11,
   9503416,    0.27401E-11,    0.84637E-11,
   9503374,    0.27493E-11,    0.85244E-11,
   9503451,    0.27632E-11,    0.86620E-11,
   9503303,    0.28097E-11,    0.86887E-11,
   9501188,    0.28298E-11,    0.88068E-11,
   9508561,    0.28451E-11,    0.88792E-11,
   9508021,    0.28648E-11,    0.89849E-11,
   9507768,    0.29314E-11,    0.86347E-11,
   9507706,    0.29863E-11,    0.83846E-11,
   9000041,    0.30059E-11,    0.82485E-11,
         1,    -999.00    ,    -999.00    ,
