case,kow0,kdw,
"CAS100986-85-4", 0.10000    , 0.51682E-08,
"CAS138402-11-6",  4.5000    , 0.10573E-06,
"CAS298-46-4",  2.3650    , 0.25042E-07,
"CAS50-78-2",  1.3148    , 0.10542E-05,
"CAS56-75-7",  1.0200    , 0.11320E-06,
"CAS59-67-6", 0.48000    , 0.63419E-06,
"CAS723-46-6", 0.77000    , 0.12966E-06,
"CAS84057-84-1",  1.6800    ,  0.0000    ,
"CAS76824-35-6",-0.64500    , 0.38827E-07,
"CAS68-35-9",-0.80000E-01, 0.46848E-08,
"CAS94-36-0",  3.4650    , 0.10725E-05,
"CAS101200-48-0",  1.4664    , 0.70801E-07,
"CAS104206-82-8", 0.94000    , 0.26582E-06,
"CAS112410-23-8",  4.2450    , 0.11996E-06,
"CAS119168-77-3",  4.5850    , 0.30331E-07,
"CAS123312-89-0", 0.52198    , 0.26358E-06,
"CAS131983-72-7",  3.3700    , 0.49609E-08,
"CAS137-26-8",  1.8450    , 0.24065E-07,
"CAS149961-52-4",  4.1124    , 0.25520E-06,
"CAS16672-87-0",-0.42062    , 0.64031E-08,
"CAS1861-40-1",  5.2500    , 0.24167E-08,
"CAS19937-59-8",  1.8482    , 0.57407E-07,
"CAS2310-17-0",  4.4050    , 0.97503E-08,
"CAS2540-82-1",  1.4550    , 0.90269E-07,
"CAS29973-13-5",  2.1354    , 0.44524E-07,
"CAS33629-47-9",  4.9600    ,  0.0000    ,
"CAS39515-41-8",  5.7200    , 0.37732E-07,
"CAS51218-45-2",  3.2300    , 0.67809E-07,
"CAS55335-06-3",  2.6350    ,  0.0000    ,
"CAS5915-41-3",  2.9950    , 0.24558E-08,
"CAS668-34-8",  6.5800    , 0.26272E-07,
"CAS71626-11-4",  3.7965    , 0.10860E-06,
"CAS76674-21-0",  2.3000    ,  0.0000    ,
"CAS82560-54-1",  4.2200    , 0.31278E-07,
"CAS86-50-0",  2.8800    , 0.11314E-07,
"CAS950-37-8",  1.9300    , 0.32679E-07,
"CAS10605-21-7",  1.5350    , 0.11857E-07,
"CAS10453-86-8",  6.4450    , 0.52032E-07,
"CAS132-66-1",  3.4100    , 0.35007E-06,
"CAS3689-24-5",  3.8650    , 0.35007E-06,
"CAS15299-99-7",  3.3502    , 0.11326E-05,
"CAS49866-87-7", 0.71000    , 0.11326E-06,
"CAS67564-91-4",  5.0266    , 0.55442E-08,
"CAS95617-09-7",  3.6679    , 0.11326E-05,
"CAS100-01-6",  1.3500    ,  0.0000    ,
"CAS100-61-8",  1.6977    , 0.58403E-08,
"CAS102-71-6", -1.0900    , 0.67076E-08,
"CAS104-76-7",  2.9482    , 0.29088E-06,
"CAS105-99-7",  3.7450    , 0.10194E-05,
"CAS106-50-3",-0.19500    ,  0.0000    ,
"CAS108-67-8",  3.6150    , 0.63424E-08,
"CAS110-65-6",-0.93000    , 0.16563E-06,
"CAS111-46-6", -1.1950    , 0.20414E-05,
"CAS112-02-7",  2.8000    , 0.45869E-06,
"CAS112-50-5",-0.27500    , 0.69519E-06,
"CAS119-64-2",  3.9250    , 0.23749E-07,
"CAS121-32-4",  1.6000    , 0.65975E-06,
"CAS123-31-9", 0.69835    , 0.18614E-05,
"CAS126-73-8",  3.7800    , 0.26272E-07,
"CAS13674-84-5",  2.6100    , 0.14564E-07,
"CAS141-98-0",  1.7400    , 0.40408E-08,
"CAS149-30-4",  2.4100    , 0.53844E-08,
"CAS2156-97-0",  6.0250    , 0.55828E-06,
"CAS26159-31-9",  2.9800    , 0.80067E-08,
"CAS298-06-6",  2.3797    , 0.19824E-07,
"CAS4180-23-8",  3.0700    , 0.11320E-06,
"CAS51-03-6",  4.1150    , 0.55867E-06,
"CAS554-00-7",  2.7500    ,  0.0000    ,
"CAS5989-27-5",  4.3950    , 0.57222E-06,
"CAS623-03-0",  2.3280    , 0.53186E-08,
"CAS6485-40-1",  2.5300    , 0.26358E-06,
"CAS70969-58-3",  4.0600    , 0.31975E-06,
"CAS7747-35-5", 0.36000    , 0.18905E-06,
"CAS78-11-5",  3.3500    , 0.17276E-06,
"CAS791-28-6",  3.2700    , 0.63324E-08,
"CAS81-19-6",  4.2600    , 0.84172E-07,
"CAS85-41-6",  1.0750    , 0.35094E-06,
"CAS88-18-6",  3.3333    ,  0.0000    ,
"CAS89-83-8",  3.2286    , 0.26101E-07,
"CAS91-20-3",  3.3025    , 0.11500E-07,
"CAS94-96-2",  1.4029    , 0.46133E-06,
"CAS95-74-9",  2.2619    , 0.68827E-08,
"CAS96-45-7",-0.50500    , 0.62708E-08,
"CAS98-17-9",  2.7100    , 0.34884E-08,
"CAS99-54-7",  3.1050    , 0.22868E-08,
"CAS60-12-8",  1.5080    , 0.74214E-06,
"CAS78-63-7",  5.8472    , 0.35975E-07,
"CAS80-07-9",  3.8150    ,  0.0000    ,
"CAS85-42-7", 0.35000    , 0.27856E-07,
"CAS89-04-3",  11.695    , 0.82707E-06,
"CAS92-70-6",  3.3550    , 0.36301E-07,
"CAS94-91-7",  3.2600    , 0.11326E-05,
"CAS96-93-5", -1.2300    , 0.35007E-05,
"CAS98-44-2", -1.8200    , 0.11326E-05,
"CAS99-76-3",  2.0317    , 0.61194E-06,
"CAS101-43-9",  3.2900    , 0.60094E-06,
"CAS102-36-3",  3.7900    , 0.26303E-07,
"CAS103-60-6",  2.5300    , 0.59251E-06,
"CAS105-05-5",  4.1650    , 0.11956E-07,
"CAS106-79-6",  2.9200    , 0.11112E-05,
"CAS108-78-1", -1.1642    , 0.16228E-06,
"CAS110-64-5",-0.84000    , 0.42447E-05,
"CAS111-88-6",  4.4400    , 0.81036E-07,
"CAS112-41-4",  5.9250    , 0.64129E-06,
"CAS112-76-5",  8.1118    , 0.11326E-05,
"CAS117-21-5",  1.8893    , 0.11326E-05,
"CAS119-17-5",-0.60000    , 0.11326E-05,
"CAS122-00-9",  2.0981    , 0.83568E-06,
"CAS123-26-2",  10.620    , 0.33879E-06,
"CAS124-30-1",  7.4800    , 0.53270E-06,
"CAS141-18-4",  3.6100    , 0.80954E-06,
"CAS144-19-4",  1.3082    , 0.33708E-07,
"CAS372-09-8",-0.60500    , 0.43720E-06,
"CAS540-97-6",  6.0479    , 0.35007E-08,
"CAS608-25-3",  1.2250    , 0.11326E-04,
"CAS622-58-2",  2.8200    , 0.11326E-05,
"CAS629-73-2",  7.9250    , 0.63722E-06,
"CAS693-23-2",  2.6957    , 0.15548E-05,
"CAS778-94-9",  2.4100    , 0.11326E-05,
"CAS919-30-2", 0.70000    , 0.27103E-06,
"CAS947-04-6",  3.0800    , 0.29279E-06,
"CAS1072-63-5", 0.74000    , 0.10028E-06,
"CAS1333-07-9", 0.88270    , 0.11461E-07,
"CAS1724-39-6",  3.7000    ,  0.0000    ,
"CAS1889-67-4",  5.9500    , 0.11326E-05,
"CAS2162-74-5",  8.3900    , 0.35007E-06,
"CAS2370-88-9",  2.5600    , 0.35007E-08,
"CAS2439-35-2", 0.88000    , 0.34655E-06,
"CAS2550-06-3",  4.8000    , 0.11326E-06,
"CAS2705-87-5",  4.1900    , 0.73601E-06,
"CAS2943-75-1",  4.2400    , 0.30115E-06,
"CAS3081-01-4",  4.7700    , 0.39735E-08,
"CAS3234-85-3",  12.485    , 0.10514E-05,
"CAS3576-88-3", -1.3200    , 0.11326E-06,
"CAS3779-63-3",  4.4000    , 0.84448E-07,
"CAS4245-76-5",-0.81000    , 0.11326E-05,
"CAS4488-57-7",  3.3600    , 0.53484E-07,
"CAS4948-15-6",  7.4700    , 0.11326E-06,
"CAS5280-68-2",  7.4500    , 0.35007E-06,
"CAS5521-31-3",  3.6885    , 0.11326E-06,
"CAS6197-30-4",  6.3400    , 0.78652E-07,
"CAS6386-38-5",  5.0500    , 0.20310E-07,
"CAS6528-34-3",  2.9900    , 0.35007E-06,
"CAS6925-69-5",  3.6660    , 0.35007E-06,
"CAS7328-22-5",  2.2000    , 0.59514E-06,
"CAS7659-86-1",  3.6800    , 0.18657E-06,
"CAS10420-33-4", 0.15000    , 0.94717E-06,
"CAS13122-18-4",  4.4100    , 0.35007E-05,
"CAS13752-51-7", 0.19000    , 0.11326E-05,
"CAS15267-95-5",  1.3950    , 0.11326E-05,
"CAS15993-42-7",  3.7000    , 0.35007E-06,
"CAS17865-07-5",  1.3670    , 0.35007E-05,
"CAS19234-20-9",  1.0000    , 0.12342E-06,
"CAS21542-96-1",  9.9300    , 0.15428E-06,
"CAS23847-08-7",  1.6700    , 0.35007E-06,
"CAS24863-70-5",  3.2300    , 0.35007E-06,
"CAS26523-78-4",  19.760    , 0.11326E-05,
"CAS28768-32-3",  2.5300    , 0.60777E-07,
"CAS31570-04-4",  14.711    , 0.11326E-05,
"CAS34316-64-8",  7.2200    , 0.98921E-06,
"CAS36443-68-2",  6.6800    , 0.61241E-07,
"CAS39670-09-2",  1.1050    , 0.56537E-06,
"CAS51167-18-1",  4.3800    , 0.11326E-05,
"CAS54839-24-6", 0.99057    , 0.67303E-06,
"CAS56718-71-9",  1.7900    , 0.96891E-06,
"CAS59227-88-2",  4.3250    , 0.62190E-07,
"CAS62889-66-1",  5.4950    , 0.15730E-06,
"CAS67075-37-0",  7.3546    , 0.24915E-07,
"CAS70356-09-1",  4.5600    , 0.11326E-05,
"CAS74338-72-0",  3.6400    , 0.11326E-05,
"CAS78605-96-6",  4.4700    , 0.36138E-06,
"CAS84170-74-1",  2.8991    , 0.11798E-06,
"CAS87305-03-1",  2.9500    , 0.35007E-05,
"CAS91273-04-0",  5.7200    , 0.35007E-06,
"CAS99189-60-3",  1.0300    , 0.11326E-05,
"CAS106461-41-0",  2.9400    , 0.11326E-05,
"CAS120068-79-3",  3.5900    , 0.11326E-06,
"CAS130755-46-3",  7.8900    , 0.35007E-07,
"CAS137863-20-8",  5.9050    , 0.35007E-06,
"CAS148528-05-6",  1.1100    , 0.35233E-06,
"CAS165184-98-5",  4.8200    , 0.36919E-06,
"CAS186817-80-1",  2.8200    , 0.35007E-05,
"CAS393509-79-0", 0.72000    , 0.11326E-05,
"CAS2554-06-5",  4.9000    , 0.11326E-05,
"CAS10238-21-8",  3.7900    , 0.10715E-06,
"CAS139481-59-7",  4.7404    , 0.28557E-07,
"CAS3380-34-5",  5.0118    ,  0.0000    ,
"CAS51-21-8",-0.67500    , 0.22018E-06,
"CAS56-81-5", -1.6900    , 0.12267E-05,
"CAS59-92-7",-0.59447    , 0.79352E-06,
"CAS72956-09-3",  4.0500    , 0.15597E-06,
"CAS85721-33-1",-0.15000    , 0.62659E-08,
"CAS53-86-1",  4.2137    , 0.15906E-06,
"CAS50-06-6",  1.3700    , 0.44570E-07,
"CAS123-99-9",  1.6350    , 0.40113E-05,
"CAS101205-02-1",  3.7600    , 0.66132E-07,
"CAS10552-74-6",  3.1800    , 0.23296E-06,
"CAS113136-77-9",  2.3221    ,  0.0000    ,
"CAS119446-68-3",  4.3361    ,  0.0000    ,
"CAS123-33-1",-0.86500    ,  0.0000    ,
"CAS133-06-2",  2.3410    , 0.86908E-07,
"CAS138261-41-3", 0.40000    , 0.63295E-07,
"CAS150-68-5",  1.9350    , 0.89470E-08,
"CAS16752-77-5", 0.60000    , 0.12966E-06,
"CAS18691-97-9",  2.2418    , 0.57000E-07,
"CAS2032-65-7",  2.8650    , 0.86161E-08,
"CAS23103-98-2",  1.7150    , 0.21845E-07,
"CAS2593-15-9",  3.1031    , 0.56613E-08,
"CAS300-76-5",  2.1900    , 0.25683E-07,
"CAS33693-04-8",  2.8750    ,  0.0000    ,
"CAS39807-15-3",  4.0200    , 0.78084E-08,
"CAS5234-68-4",  2.0350    , 0.20872E-06,
"CAS55-38-9",  3.8750    , 0.12966E-07,
"CAS60168-88-9",  3.1550    ,  0.0000    ,
"CAS67129-08-2",  2.3050    , 0.62800E-07,
"CAS72178-02-0",  2.9620    , 0.41011E-07,
"CAS786-19-6",  5.3501    , 0.97622E-08,
"CAS82657-04-3",  6.9300    , 0.20343E-06,
"CAS87820-88-0",  4.7900    , 0.59538E-07,
"CAS95266-40-3", 0.83500    , 0.85977E-07,
"CAS470-90-6",  4.0058    , 0.13179E-07,
"CAS87392-12-9",  3.2300    , 0.67809E-07,
"CAS298-00-0",  2.8200    , 0.11326E-05,
"CAS4685-14-7", -4.5800    , 0.35007E-06,
"CAS15457-05-3",  3.7300    , 0.11326E-05,
"CAS50594-66-6",  4.0700    , 0.35007E-06,
"CAS74738-17-3",  3.8700    , 0.11326E-06,
"CAS100646-51-3",  4.3600    , 0.11326E-05,
"CAS100-02-7",  1.7250    , 0.11467E-07,
"CAS100-63-0",  1.2500    , 0.46058E-07,
"CAS102-82-9",  4.0200    , 0.98393E-08,
"CAS104-88-1",  2.2383    , 0.58092E-06,
"CAS106-22-9",  3.5600    , 0.41460E-06,
"CAS106-51-4", 0.22500    , 0.18614E-05,
"CAS108-68-9",  2.3800    , 0.45197E-06,
"CAS110-77-0", 0.80920    , 0.30217E-07,
"CAS111-69-3",-0.12000    , 0.44275E-06,
"CAS112-05-0",  3.4050    , 0.38203E-05,
"CAS112-53-8",  4.9800    , 0.36466E-05,
"CAS119-65-3",  1.9569    , 0.33637E-06,
"CAS121-33-5",  1.2091    , 0.64490E-06,
"CAS123-39-7",-0.85000    , 0.54501E-06,
"CAS128-37-0",  5.0850    , 0.23798E-08,
"CAS13674-87-8",  3.5901    , 0.12208E-07,
"CAS142-62-1",  1.8950    , 0.39520E-05,
"CAS149-57-5",  2.6725    , 0.60365E-06,
"CAS2216-51-5",  3.1700    , 0.31572E-06,
"CAS2691-41-0", -1.4000    , 0.10302E-06,
"CAS298-07-7",  5.1300    , 0.25601E-07,
"CAS4404-43-7",-0.51000    , 0.84222E-08,
"CAS51-28-5",  1.6950    ,  0.0000    ,
"CAS556-67-2",  4.6720    , 0.78775E-08,
"CAS5989-54-8",  4.3950    , 0.57222E-06,
"CAS62-53-3",  1.0969    , 0.42673E-06,
"CAS65-45-2",  1.0600    , 0.26494E-06,
"CAS712-50-5",  3.6500    , 0.17983E-07,
"CAS77501-63-4",  4.6850    , 0.14472E-06,
"CAS78-27-3",  1.5950    , 0.73921E-08,
"CAS79-33-4",-0.60000    , 0.46998E-06,
"CAS818-61-1",-0.13500    , 0.43720E-06,
"CAS85-44-9",  1.5100    , 0.11510E-05,
"CAS88-72-2",  2.3867    , 0.79714E-08,
"CAS89-98-5",  2.2695    , 0.48567E-07,
"CAS91-22-5",  2.0550    , 0.94523E-07,
"CAS95-14-7",  1.3900    , 0.56893E-08,
"CAS95-80-7", 0.34000    ,  0.0000    ,
"CAS97-00-7",  2.0700    , 0.32155E-07,
"CAS98-51-1",  4.4450    , 0.45024E-07,
"CAS99-55-8",  1.5550    , 0.29138E-08,
"CAS68-26-8",  5.9946    , 0.35007E-05,
"CAS78-67-1",  1.6093    , 0.65758E-07,
"CAS80-10-4",  5.4600    , 0.30047E-07,
"CAS85-43-8", 0.12000    , 0.10285E-06,
"CAS89-48-5",  4.2450    , 0.31861E-06,
"CAS92-84-2",  4.1500    , 0.56457E-08,
"CAS95-31-8",  3.7300    , 0.39384E-08,
"CAS96-96-8",  1.7950    , 0.67988E-07,
"CAS98-53-3",  2.7743    , 0.26235E-06,
"CAS99-88-7",  2.2925    , 0.59647E-08,
"CAS101-54-2",  1.9400    , 0.29237E-08,
"CAS102-60-3",-0.52000    , 0.76405E-07,
"CAS103-71-9",  2.4100    , 0.11326E-05,
"CAS105-56-6", 0.20000E-01, 0.71438E-06,
"CAS106-91-2", 0.87500    , 0.72471E-06,
"CAS108-83-8",  2.4805    , 0.24761E-07,
"CAS111-11-5",  3.4400    , 0.97836E-06,
"CAS112-07-2",  1.5400    , 0.73198E-06,
"CAS112-44-7",  4.4300    , 0.37141E-05,
"CAS112-85-6",  9.4950    , 0.34580E-05,
"CAS117-61-3", -2.1800    , 0.35007E-05,
"CAS119-53-9",  2.2200    , 0.10975E-05,
"CAS122-01-0",  2.8000    , 0.11326E-06,
"CAS123-28-4",  11.790    , 0.28238E-06,
"CAS125-12-2",  3.5100    , 0.35007E-05,
"CAS141-27-5",  3.1100    , 0.58092E-06,
"CAS147-85-3",-0.41500    , 0.35007E-05,
"CAS373-44-4", 0.77718    , 0.52061E-06,
"CAS541-02-6",  5.2000    , 0.35007E-08,
"CAS611-19-8",  3.2000    , 0.25763E-08,
"CAS623-40-5",  1.0700    , 0.35007E-06,
"CAS629-82-3",  6.9950    , 0.28642E-06,
"CAS693-36-7",  17.670    , 0.30632E-06,
"CAS793-24-8",  4.2400    , 0.45402E-08,
"CAS923-02-4",-0.41000    , 0.35007E-05,
"CAS947-19-3",  2.4400    , 0.35007E-05,
"CAS1073-69-4",  1.5200    , 0.35007E-06,
"CAS1453-58-3", 0.77000    , 0.35007E-06,
"CAS1738-25-6",-0.10000    , 0.49891E-06,
"CAS1955-46-0",  1.5969    , 0.11326E-05,
"CAS2163-00-0",  3.0900    , 0.17947E-07,
"CAS2380-86-1",  1.6450    , 0.35007E-05,
"CAS2458-08-4",  2.6143    , 0.11326E-05,
"CAS2550-26-7",  1.9900    , 0.63120E-06,
"CAS2752-17-2", -1.2900    , 0.25070E-06,
"CAS2996-92-1",  1.3800    , 0.35007E-06,
"CAS3081-14-9",  6.2100    , 0.51692E-08,
"CAS3290-92-4",  3.6200    , 0.36616E-06,
"CAS3622-84-2",  1.8500    , 0.17069E-06,
"CAS3845-76-9",-0.20000E-01, 0.35007E-05,
"CAS4246-51-9", -1.2600    , 0.49278E-06,
"CAS4500-29-2", 0.77000    , 0.73601E-07,
"CAS4979-32-2",  6.1000    , 0.53842E-08,
"CAS5280-80-8",  9.1400    , 0.35007E-07,
"CAS5578-42-7",  4.9350    , 0.35007E-06,
"CAS6259-76-3",  4.8300    , 0.70312E-06,
"CAS6410-32-8",  6.6500    , 0.35007E-06,
"CAS6600-31-3",  3.4500    , 0.48039E-07,
"CAS6938-94-9",  2.8800    , 0.58261E-06,
"CAS7381-13-7",  1.9000    , 0.11326E-05,
"CAS7695-91-2",  10.510    , 0.11326E-05,
"CAS10563-26-5", -1.4500    , 0.10697E-06,
"CAS13127-18-9",  2.6484    , 0.35007E-05,
"CAS14073-97-3",  2.9600    , 0.31572E-06,
"CAS15396-00-6",  1.1850    , 0.25879E-06,
"CAS16111-62-9",  6.9400    , 0.35007E-06,
"CAS17928-28-8",  6.5200    , 0.35007E-08,
"CAS19438-60-9", 0.76000    , 0.27195E-07,
"CAS21643-42-5",  7.0400    , 0.56220E-06,
"CAS24085-06-1",  1.3600    , 0.11326E-05,
"CAS25013-15-4",  3.3950    , 0.35007E-06,
"CAS26586-02-7", 0.75000    , 0.64129E-06,
"CAS29171-20-8",  2.7500    , 0.11326E-05,
"CAS31775-20-9",  7.0500    , 0.60777E-07,
"CAS34396-03-7",  2.7000    , 0.35007E-06,
"CAS36483-57-5",  2.8500    , 0.11326E-05,
"CAS40306-75-0", -2.4900    , 0.11326E-05,
"CAS51920-12-8",  5.3400    , 0.11326E-05,
"CAS54914-37-3",  5.6400    , 0.35007E-06,
"CAS56962-04-0",  3.4200    , 0.11326E-05,
"CAS59447-55-1",  5.9000    , 0.35007E-05,
"CAS63562-34-5",  1.3500    , 0.35007E-06,
"CAS67151-63-7", 0.72000    , 0.63170E-07,
"CAS70445-33-9",  2.2400    , 0.30492E-06,
"CAS74441-05-7",  1.9800    , 0.11326E-05,
"CAS78850-37-0", 0.34000    , 0.35007E-05,
"CAS84281-74-3",  2.2600    , 0.11326E-05,
"CAS87333-22-0", 0.20000E-01, 0.11326E-05,
"CAS92952-81-3",  1.1200    , 0.35007E-05,
"CAS99591-74-9", -1.0100    , 0.11326E-04,
"CAS106797-53-9",  1.0000    , 0.11326E-05,
"CAS120100-77-8",  2.5544    , 0.11326E-05,
"CAS130841-23-5",  4.7800    , 0.11326E-05,
"CAS138564-59-7",  3.2600    , 0.11326E-05,
"CAS149850-30-6",  3.5300    , 0.35007E-06,
"CAS166524-65-8",  1.3100    , 0.11326E-05,
"CAS204918-22-9",  4.1500    , 0.11326E-05,
"CAS507448-65-9",  2.0700    , 0.35007E-05,
"CAS4130-08-9", 0.81500    , 0.35007E-05,
"CAS103-90-2", 0.41500    , 0.29201E-08,
"CAS15307-86-5",  4.2842    ,  0.0000    ,
"CAS3930-20-9", 0.32000    , 0.14472E-06,
"CAS37350-58-6",  1.8579    , 0.26358E-06,
"CAS57-13-6", -1.6250    , 0.69701E-06,
"CAS60-54-8", -1.2959    , 0.16912E-06,
"CAS738-70-5",  1.1521    , 0.13729E-06,
"CAS86386-73-4", 0.60000    ,  0.0000    ,
"CAS73334-07-3", -2.0850    , 0.16563E-06,
"CAS51-52-5", 0.98000    , 0.24020E-07,
"CAS128-13-2",  3.9633    , 0.33028E-06,
"CAS101-21-3",  3.3100    , 0.11981E-07,
"CAS1071-83-6", -2.3100    , 0.54874E-06,
"CAS113158-40-0",  3.6679    , 0.14872E-07,
"CAS1194-65-6",  2.9104    , 0.32175E-08,
"CAS125116-23-6",  3.7950    , 0.30532E-08,
"CAS133-07-3",  2.8850    , 0.25520E-06,
"CAS139-40-2",  2.9750    ,  0.0000    ,
"CAS153719-23-4",  0.0000    , 0.98513E-08,
"CAS1689-83-4",  3.6250    , 0.17085E-07,
"CAS188425-85-6",  4.5000    , 0.83299E-07,
"CAS21087-64-9",  1.4950    , 0.27201E-07,
"CAS23135-22-0",-0.26500    , 0.17276E-06,
"CAS26225-79-6",  2.3442    , 0.10860E-06,
"CAS301-12-2", 0.32000    , 0.11770E-07,
"CAS34014-18-1",  1.7850    , 0.56597E-07,
"CAS40487-42-1",  4.8250    , 0.31183E-08,
"CAS52-68-6", 0.62000    , 0.36960E-07,
"CAS55512-33-9",  6.6799    , 0.67241E-07,
"CAS60207-90-1",  3.7731    , 0.55614E-08,
"CAS67306-00-7",  5.7050    , 0.10549E-07,
"CAS72490-01-8",  3.9300    , 0.12396E-07,
"CAS79277-27-3",  1.4850    , 0.14737E-06,
"CAS83055-99-6",  2.1300    , 0.22639E-06,
"CAS886-50-0",  3.3950    ,  0.0000    ,
"CAS95465-99-9",  3.9400    , 0.56853E-08,
"CAS52315-07-8",  6.1600    , 0.39207E-07,
"CAS62-73-7",  1.1681    , 0.35007E-06,
"CAS314-40-9",  1.8850    , 0.11326E-05,
"CAS5902-51-2",  1.8000    , 0.35007E-06,
"CAS18181-80-1",  5.1100    , 0.11326E-05,
"CAS51276-47-2", -1.4300    , 0.11326E-05,
"CAS76578-12-6",  3.7600    , 0.11326E-05,
"CAS110488-70-5",  3.2098    , 0.11326E-06,
"CAS100-21-0",  1.6300    , 0.94161E-06,
"CAS100-64-1", 0.97500    , 0.23993E-06,
"CAS103-11-7",  4.0650    , 0.26358E-06,
"CAS104-90-5",  2.1772    , 0.10849E-07,
"CAS106-24-1",  3.4300    , 0.58092E-06,
"CAS1067-33-0",  2.5700    ,  0.0000    ,
"CAS108-69-0",  1.8800    , 0.27750E-06,
"CAS110-93-0",  2.1000    , 0.12248E-05,
"CAS111-70-6",  2.5450    , 0.38570E-05,
"CAS112-18-5",  5.6450    , 0.12366E-06,
"CAS112-54-9",  4.9150    , 0.36633E-05,
"CAS119-80-2",  4.1600    , 0.29769E-07,
"CAS121-57-3",-0.90000    , 0.57441E-08,
"CAS123-42-2", 0.21000    , 0.93503E-06,
"CAS129-00-0",  4.9000    ,  0.0000    ,
"CAS138-59-0", -1.3400    , 0.58687E-06,
"CAS142-90-5",  6.5700    , 0.84359E-06,
"CAS150-76-5",  1.5016    , 0.72210E-06,
"CAS2243-62-1",  1.2950    , 0.26229E-08,
"CAS2809-21-4", -3.5300    , 0.83695E-08,
"CAS3209-22-1",  3.0790    , 0.22923E-08,
"CAS470-82-6",  2.8525    , 0.44037E-08,
"CAS521-18-6",  3.6700    , 0.16563E-06,
"CAS5567-15-7",  7.5400    , 0.12179E-06,
"CAS60-00-4", -1.5400    , 0.50716E-07,
"CAS62-56-6",-0.96000    , 0.27186E-08,
"CAS65-85-0",  1.8700    , 0.10725E-05,
"CAS732-26-3",  6.2250    ,  0.0000    ,
"CAS77-71-4",-0.57000    , 0.18469E-06,
"CAS78-40-0",  1.0050    , 0.26272E-07,
"CAS79-77-6",  3.8150    , 0.62800E-07,
"CAS83066-88-0",  2.8784    ,  0.0000    ,
"CAS85-68-7",  4.7000    , 0.75047E-06,
"CAS88-73-3",  2.4450    ,  0.0000    ,
"CAS90-02-8",  1.6500    , 0.16175E-05,
"CAS91-57-6",  3.8875    , 0.44524E-07,
"CAS95-16-9",  2.1100    , 0.47838E-08,
"CAS95-82-9",  2.7450    , 0.22601E-08,
"CAS97-53-0",  2.4864    , 0.75047E-06,
"CAS98-52-2",  3.0225    , 0.26235E-06,
"CAS99607-70-2",  5.1100    , 0.16563E-06,
"CAS70-55-3", 0.88418    , 0.42532E-07,
"CAS78-69-3",  3.2900    , 0.11326E-05,
"CAS80-43-3",  5.4700    , 0.36138E-07,
"CAS85-73-4",  2.2571    , 0.11326E-05,
"CAS90-05-1",  1.3600    , 0.74077E-06,
"CAS93-17-4",  1.2400    , 0.11326E-05,
"CAS95-33-0",  4.1900    , 0.14075E-06,
"CAS96-97-9",  2.3700    , 0.35007E-05,
"CAS98-59-9",  2.3400    , 0.35007E-06,
"CAS99-93-4",  1.5034    , 0.85711E-06,
"CAS101-68-8",  4.6300    , 0.83568E-07,
"CAS102-76-1", 0.30000    , 0.10885E-05,
"CAS103-95-7",  3.6100    , 0.19567E-06,
"CAS105-59-9",-0.72000    , 0.38756E-07,
"CAS107-56-2",  3.0800    , 0.35007E-06,
"CAS108-98-5",  2.4150    , 0.68161E-08,
"CAS111-18-2",  1.7900    , 0.36970E-07,
"CAS112-15-2", 0.55000    , 0.65544E-06,
"CAS112-45-8",  3.9700    , 0.78422E-06,
"CAS112-88-9",  8.8000    , 0.63620E-06,
"CAS118-45-6",  1.8893    , 0.11326E-05,
"CAS120-40-1",  3.9400    , 0.40073E-06,
"CAS122-20-3",-0.51000    , 0.46106E-07,
"CAS123-68-2",  3.1800    , 0.91791E-06,
"CAS127-47-9",  6.5316    , 0.35007E-05,
"CAS141-62-8",  6.0150    , 0.35007E-08,
"CAS149-74-6",  4.5800    , 0.35007E-06,
"CAS461-58-5", -1.0900    , 0.17069E-06,
"CAS542-05-2",-0.95000    , 0.35007E-05,
"CAS611-70-1",  2.6100    , 0.14275E-07,
"CAS624-03-3",  13.760    , 0.58644E-06,
"CAS645-62-5",  2.3400    , 0.47555E-06,
"CAS693-57-2",  2.3310    , 0.89040E-06,
"CAS822-06-0",  2.9000    , 0.23596E-06,
"CAS925-21-3",  1.3140    , 0.10769E-05,
"CAS976-71-6",  2.8350    , 0.35007E-06,
"CAS1117-31-3",  1.0500    , 0.98678E-06,
"CAS1459-93-4",  1.9425    , 0.52027E-06,
"CAS1739-84-0", 0.49596    , 0.35007E-06,
"CAS1975-78-6",  3.7900    , 0.59251E-06,
"CAS2163-42-0",-0.69000    , 0.27103E-05,
"CAS2385-77-5",  3.4550    , 0.41460E-06,
"CAS2478-10-6", 0.61000    , 0.67758E-06,
"CAS2568-90-3",  2.4366    , 0.35187E-07,
"CAS2778-42-9",  4.3000    , 0.11326E-05,
"CAS3030-47-5", 0.25500    , 0.17828E-06,
"CAS3089-16-5",  4.3600    , 0.11326E-06,
"CAS3296-90-0", 0.93760    , 0.35033E-07,
"CAS3634-83-1",  2.9100    , 0.30160E-06,
"CAS3851-87-4",  5.7900    , 0.11326E-05,
"CAS4253-34-3", 0.69000    , 0.35007E-05,
"CAS4511-42-6",-0.46000    , 0.35007E-05,
"CAS5026-74-4", 0.78000    , 0.11326E-05,
"CAS5308-25-8", 0.21000    , 0.16714E-06,
"CAS5580-57-4",  9.6000    , 0.35007E-07,
"CAS6291-95-8",  2.3100    , 0.35007E-05,
"CAS6410-41-9",  7.3500    , 0.11326E-05,
"CAS6610-29-3",-0.79000    , 0.11326E-05,
"CAS6940-53-0",  2.5700    , 0.11326E-05,
"CAS7396-58-9",  9.2300    , 0.13371E-06,
"CAS7787-93-1",  4.1700    , 0.11326E-06,
"CAS10563-29-8",-0.34380    , 0.35202E-06,
"CAS13170-23-5",  2.3400    , 0.11326E-05,
"CAS14078-41-2",  4.9300    , 0.11326E-05,
"CAS15471-17-7", -5.0200    , 0.35007E-06,
"CAS16219-75-3",  3.3700    , 0.43365E-07,
"CAS18063-03-1", 0.61500    , 0.11326E-05,
"CAS19444-21-4", 0.94927    , 0.35007E-05,
"CAS21743-27-1", 0.67500    , 0.35007E-06,
"CAS24199-46-0",  2.5900    , 0.56537E-06,
"CAS25265-77-4",  2.6100    , 0.18657E-06,
"CAS26741-53-7",  10.380    , 0.35007E-06,
"CAS29806-73-3",  10.100    , 0.65330E-06,
"CAS31775-89-0",  4.0900    , 0.30975E-07,
"CAS34690-00-1", -6.4900    , 0.35007E-06,
"CAS36635-56-0", 0.65000    , 0.11326E-05,
"CAS40601-76-1",  8.0300    , 0.35007E-06,
"CAS52449-76-0",  1.1900    , 0.35007E-05,
"CAS55314-16-4", 0.98000    , 0.35007E-06,
"CAS56973-87-6",  4.0400    , 0.11326E-05,
"CAS59487-23-9",  6.5500    , 0.35007E-06,
"CAS64354-92-3",  4.1200    , 0.32219E-07,
"CAS67801-15-4",  3.7300    , 0.11326E-05,
"CAS70516-41-5",  8.0800    , 0.60777E-07,
"CAS75490-39-0",  3.6158    , 0.35007E-06,
"CAS79456-26-1",  2.1400    , 0.35007E-06,
"CAS84418-63-3",  2.8991    , 0.11798E-06,
"CAS88150-62-3",  4.6500    , 0.11326E-05,
"CAS93413-62-8",  2.6400    , 0.11326E-04,
"CAS99817-36-4",  4.2400    , 0.11326E-05,
"CAS107737-97-3",  3.4500    , 0.11326E-05,
"CAS120298-38-6",-0.42000    , 0.11326E-05,
"CAS131538-00-6",  3.1700    , 0.30880E-08,
"CAS139007-06-0",  3.5233    , 0.11326E-05,
"CAS151900-44-6",  11.808    , 0.35007E-06,
"CAS167004-78-6", 0.69000    , 0.35007E-05,
"CAS220727-26-4",  3.7300    , 0.35007E-06,
"CAS932742-30-8",  15.560    , 0.11326E-05,
"CAS114772-54-2",  4.1900    , 0.35007E-06,
"CAS114-07-8",  2.4600    , 0.26903E-06,
"CAS15687-27-1",  3.5450    , 0.17049E-07,
"CAS41859-67-0",  3.5000    , 0.92347E-07,
"CAS525-66-6",  3.0400    , 0.10044E-06,
"CAS57-63-6",  3.8627    , 0.10044E-06,
"CAS61869-08-7",  3.6800    , 0.10860E-06,
"CAS78439-06-2", -2.1700    , 0.13729E-06,
"CAS88150-42-9",  3.1100    , 0.18905E-06,
"CAS81103-11-9",  3.1400    , 0.23296E-06,
"CAS54-11-5", 0.89500    , 0.35007E-06,
"CAS130-26-7",  3.5750    , 0.11326E-05,
"CAS101-42-8",  1.2107    , 0.11787E-07,
"CAS107534-96-3",  3.7558    , 0.37965E-08,
"CAS114-26-1",  1.6700    , 0.96681E-08,
"CAS120068-37-3",  3.7821    ,  0.0000    ,
"CAS126833-17-8",  4.0183    , 0.97674E-08,
"CAS13360-45-7",  3.1000    ,  0.0000    ,
"CAS140923-17-7",  3.3100    , 0.68975E-07,
"CAS15545-48-9",  2.4700    , 0.85427E-08,
"CAS1689-84-5",  3.0450    , 0.17085E-07,
"CAS1897-45-6",  3.1600    ,  0.0000    ,
"CAS2164-17-2",  2.3550    , 0.87902E-08,
"CAS23560-59-0",  2.3400    , 0.58667E-07,
"CAS2642-71-9",  3.5750    , 0.10379E-07,
"CAS30560-19-1",-0.69000    , 0.86908E-07,
"CAS34123-59-6",  2.4750    , 0.10762E-07,
"CAS41083-11-8",  5.3000    , 0.47582E-08,
"CAS52888-80-9",  4.1200    , 0.20872E-06,
"CAS5598-13-0",  4.1700    , 0.14617E-07,
"CAS60-51-5", 0.90500    , 0.68975E-07,
"CAS67747-09-5",  4.1150    , 0.18054E-06,
"CAS7287-19-6",  3.4200    ,  0.0000    ,
"CAS79538-32-2",  5.9000    , 0.13298E-07,
"CAS83164-33-4",  4.1700    ,  0.0000    ,
"CAS88671-89-0",  3.2700    , 0.45508E-08,
"CAS96489-71-3",  5.5297    , 0.22174E-07,
"CAS58-89-9",  3.8884    , 0.95190E-08,
"CAS75-99-0",  1.1339    , 0.40518E-07,
"CAS555-37-3",  4.0600    , 0.35007E-06,
"CAS7003-89-6", -2.8200    , 0.31059E-06,
"CAS24579-73-5",  1.1250    , 0.35007E-05,
"CAS51707-55-2",  1.6950    , 0.11326E-05,
"CAS76738-62-0",  3.3650    , 0.35007E-06,
"CAS139528-85-1",  3.0301    , 0.35007E-06,
"CAS100-37-8", 0.52000    , 0.78413E-07,
"CAS100-83-4",  1.3321    , 0.13597E-05,
"CAS103-23-1",  7.2700    , 0.42719E-06,
"CAS10543-57-4",-0.72000    , 0.45045E-06,
"CAS106-25-2",  3.4300    , 0.58092E-06,
"CAS107-41-5", 0.27000    , 0.40827E-06,
"CAS108-80-5",-0.67000    ,  0.0000    ,
"CAS110-97-4",-0.75500    , 0.33708E-06,
"CAS111-76-2", 0.78500    , 0.99907E-06,
"CAS112-27-6", -1.2050    , 0.16854E-05,
"CAS115-77-5", -1.7731    , 0.39207E-07,
"CAS120-12-7",  4.5675    , 0.41838E-08,
"CAS121-69-7",  2.3200    , 0.14304E-07,
"CAS123-96-6",  2.7650    , 0.41784E-06,
"CAS129909-90-6", 0.91583    , 0.18270E-07,
"CAS139-13-9", -1.6784    , 0.68011E-08,
"CAS142-92-7",  2.8300    , 0.91896E-06,
"CAS150-78-7",  1.9400    , 0.72602E-06,
"CAS2312-35-8",  4.5686    , 0.61600E-08,
"CAS281-23-2",  3.8550    , 0.37269E-08,
"CAS3452-97-9",  2.7924    , 0.13968E-06,
"CAS479-27-6",  1.3200    , 0.24713E-08,
"CAS52-51-7",-0.49000    , 0.15669E-07,
"CAS556-88-7",-0.93500    , 0.40538E-06,
"CAS60-09-3",  3.3050    , 0.14655E-07,
"CAS626-43-7",  2.7417    ,  0.0000    ,
"CAS67-43-6", -1.9000    , 0.87860E-07,
"CAS75-12-7", -1.4250    , 0.75400E-06,
"CAS77-73-6",  3.0300    , 0.90269E-07,
"CAS78-42-2",  8.9600    , 0.15886E-07,
"CAS79-94-7",  6.8804    , 0.40595E-07,
"CAS83-32-9",  3.9650    , 0.12208E-07,
"CAS86-73-7",  4.0400    , 0.89265E-07,
"CAS88-74-4",  1.8100    ,  0.0000    ,
"CAS90-04-0",  1.1252    , 0.59781E-06,
"CAS91-64-5",  1.6800    , 0.62190E-06,
"CAS95-48-7",  2.0050    , 0.67022E-06,
"CAS96-09-3",  1.6240    , 0.74214E-06,
"CAS97-74-5",  1.5000    , 0.25120E-07,
"CAS98-54-4",  3.3333    ,  0.0000    ,
"CAS99-87-6",  4.0750    , 0.58008E-06,
"CAS75-75-2", -1.8900    , 0.11035E-05,
"CAS78-97-7",-0.69000    , 0.45660E-06,
"CAS80-51-3",-0.80000E-01, 0.10104E-07,
"CAS87-99-0", -2.5825    , 0.78422E-06,
"CAS90-17-5",  3.7810    , 0.11326E-05,
"CAS93-20-9",  2.4450    , 0.28149E-07,
"CAS95-38-5",  7.3800    , 0.23596E-06,
"CAS97-39-2",  3.2800    , 0.33330E-08,
"CAS98-83-9",  3.4200    , 0.25468E-07,
"CAS100-18-5",  4.4165    , 0.35007E-06,
"CAS101-72-4",  3.3000    , 0.23254E-08,
"CAS102-77-2",  2.2200    , 0.11326E-05,
"CAS104-23-4",  1.1200    , 0.11326E-05,
"CAS105-83-9",-0.91891    , 0.40641E-06,
"CAS107-58-4",  1.0200    , 0.35007E-05,
"CAS109-13-7",  2.3800    , 0.11326E-05,
"CAS111-21-7", 0.22967    , 0.75971E-06,
"CAS112-16-3",  5.7700    , 0.35007E-06,
"CAS112-55-0",  6.1800    , 0.10285E-06,
"CAS112-92-5",  7.5950    , 0.35033E-05,
"CAS118-48-9",  1.3500    , 0.35007E-05,
"CAS120-46-7",  2.9172    , 0.11326E-05,
"CAS122-52-1",  1.1300    , 0.35007E-06,
"CAS123-77-3", -1.0700    , 0.11326E-05,
"CAS128-39-2",  4.7270    ,  0.0000    ,
"CAS141-63-9",  7.0090    , 0.35007E-08,
"CAS150-84-5",  4.0600    , 0.47108E-06,
"CAS462-94-2",-0.74424    , 0.52780E-06,
"CAS544-01-4",  3.7000    , 0.21566E-07,
"CAS613-62-7",  4.7350    , 0.53024E-06,
"CAS624-54-4",  2.8300    , 0.35007E-05,
"CAS646-24-2",  1.2344    , 0.63469E-06,
"CAS700-13-0",  1.8700    , 0.31710E-07,
"CAS826-36-8",  1.1365    , 0.29506E-08,
"CAS927-07-1",  2.8300    , 0.11326E-05,
"CAS980-26-7",  4.2200    , 0.35007E-06,
"CAS1117-86-8",  1.6700    , 0.50361E-06,
"CAS1477-55-0", 0.60000E-01, 0.26912E-06,
"CAS1746-23-2",  4.4500    , 0.35007E-06,
"CAS1999-85-5",  1.9300    , 0.66247E-08,
"CAS2186-92-7",  1.9600    , 0.11326E-05,
"CAS2386-87-0",  1.7000    , 0.12400E-05,
"CAS2500-88-1",  18.270    , 0.12734E-06,
"CAS2602-34-8",  1.4100    , 0.37436E-06,
"CAS2786-76-7",  4.8063    , 0.35007E-06,
"CAS3031-66-1",-0.38000    , 0.11326E-05,
"CAS3089-17-6",  4.5500    , 0.11326E-06,
"CAS3302-10-1",  2.7700    , 0.35007E-05,
"CAS3681-71-8",  2.1900    , 0.86264E-06,
"CAS3855-32-1", 0.85000    , 0.74977E-07,
"CAS4292-10-8", 0.34000    , 0.11326E-05,
"CAS4531-49-1",  6.2400    , 0.35007E-06,
"CAS5036-48-6",-0.38000    , 0.34051E-06,
"CAS5333-42-6",  8.6350    , 0.35048E-06,
"CAS5580-58-5",  9.9300    , 0.35007E-08,
"CAS6309-51-9",  6.6769    , 0.75329E-06,
"CAS6419-19-8", -5.4500    , 0.35007E-06,
"CAS6674-22-2",  1.4150    , 0.43530E-08,
"CAS6992-11-6",  6.2900    , 0.35007E-06,
"CAS7397-62-8", 0.76270    , 0.95054E-06,
"CAS10016-20-3", -7.7700    , 0.95506E-07,
"CAS12225-08-0",  5.1600    , 0.11326E-05,
"CAS13361-34-7",  3.0500    , 0.37986E-06,
"CAS14246-53-8",  1.9200    , 0.39384E-06,
"CAS15520-10-2",-0.14000    , 0.36383E-06,
"CAS16298-38-7",  5.2400    , 0.35007E-06,
"CAS18127-01-0",  3.8500    , 0.90141E-07,
"CAS20030-30-2",  2.0950    , 0.11326E-05,
"CAS22047-49-0",  10.690    , 0.67416E-06,
"CAS24279-39-8",  3.5136    , 0.11326E-06,
"CAS25307-17-9",  6.6300    , 0.12940E-06,
"CAS26761-45-5",  3.7300    , 0.85346E-07,
"CAS29911-28-2",  1.3500    , 0.75613E-06,
"CAS31778-10-6",  6.8900    , 0.35007E-06,
"CAS34893-92-0",  3.8200    , 0.25963E-07,
"CAS36727-29-4",  3.3878    , 0.11326E-05,
"CAS40758-65-4",  2.3317    , 0.11326E-05,
"CAS52722-86-8",  1.2800    , 0.35007E-05,
"CAS55934-93-5",  1.7200    , 0.86636E-06,
"CAS57090-45-6",-0.53500    , 0.69399E-06,
"CAS59719-67-4",  2.8282    , 0.11326E-05,
"CAS65405-77-8",  4.3000    , 0.68045E-06,
"CAS67990-05-0",  7.4400    , 0.35007E-06,
"CAS71048-82-3",  3.5500    , 0.11326E-05,
"CAS75980-60-8",  4.4800    , 0.10066E-07,
"CAS79815-20-6", 0.74000    , 0.35007E-05,
"CAS84434-11-7",  3.5100    , 0.11326E-05,
"CAS88374-05-4",  3.2300    , 0.11326E-05,
"CAS93957-50-7",  5.0300    , 0.11326E-06,
"CAS101238-01-1",  7.5800    , 0.31647E-06,
"CAS107898-54-4",  4.2700    , 0.35007E-05,
"CAS120570-77-6",-0.36000    , 0.35007E-05,
"CAS132694-65-6",  6.7200    , 0.11326E-05,
"CAS139122-17-1",  3.2000    , 0.35007E-06,
"CAS152402-98-7",  2.8600    , 0.11326E-05,
"CAS169685-34-1",  10.120    , 0.35007E-06,
"CAS224049-04-1",  2.8200    , 0.11326E-06,
"CAS947753-66-4",  6.6000    , 0.11326E-05,
"CAS125971-57-5",  3.6310    , 0.11326E-05,
"CAS120-51-4",  3.5650    , 0.57883E-06,
"CAS20830-75-5",  1.2950    , 0.15597E-06,
"CAS439-14-5",  2.9200    , 0.35024E-07,
"CAS52645-53-1",  6.4850    , 0.44035E-07,
"CAS58-08-2", 0.45000E-01, 0.68011E-08,
"CAS657-24-9", -1.3700    , 0.12760E-06,
"CAS79-57-2", -1.4100    , 0.16912E-06,
"CAS89-78-1",  3.1700    , 0.31572E-06,
"CAS62571-86-2", 0.70500    , 0.11996E-06,
"CAS55-56-1",  4.5800    , 0.11326E-06,
"CAS101463-69-8",  5.9250    , 0.19300E-07,
"CAS1085-98-9",  3.5400    , 0.23000E-07,
"CAS114369-43-6",  3.7650    ,  0.0000    ,
"CAS120928-09-8",  5.4000    , 0.36409E-08,
"CAS13071-79-9",  4.4058    , 0.11467E-07,
"CAS134098-61-6",  5.3300    , 0.34299E-06,
"CAS141776-32-1", 0.97451    , 0.13386E-07,
"CAS156052-68-5",  4.2612    , 0.44772E-07,
"CAS1698-60-8", 0.94000    , 0.51697E-07,
"CAS19044-88-3",  2.6600    , 0.18438E-07,
"CAS21725-46-2",  2.2600    ,  0.0000    ,
"CAS23564-05-8",  1.2750    , 0.13849E-07,
"CAS28249-77-6",  3.4775    , 0.15597E-06,
"CAS3060-89-7",  2.3050    ,  0.0000    ,
"CAS34256-82-1",  3.0200    , 0.49772E-07,
"CAS41394-05-2", 0.85000    , 0.18311E-07,
"CAS52918-63-5",  6.1500    , 0.39207E-07,
"CAS563-12-2",  4.9935    , 0.17159E-07,
"CAS63-25-2",  2.4200    , 0.38272E-07,
"CAS68694-11-1",  4.5100    , 0.13431E-07,
"CAS731-27-1",  3.7950    , 0.22113E-07,
"CAS79622-59-6",  4.3287    , 0.14511E-07,
"CAS834-12-8",  3.0300    ,  0.0000    ,
"CAS90717-03-6",  2.8200    , 0.96804E-07,
"CAS99105-77-8",  1.7207    , 0.25520E-06,
"CAS94-74-6",  2.5350    , 0.66132E-07,
"CAS82-68-8",  4.8054    , 0.35007E-07,
"CAS1134-23-2",  3.7550    , 0.11326E-05,
"CAS7786-34-7", 0.39857    , 0.35007E-05,
"CAS26644-46-2",  2.0756    , 0.35007E-07,
"CAS58138-08-2",  4.5100    , 0.35007E-07,
"CAS77732-09-3",  1.0180    , 0.35007E-06,
"CAS141517-21-7",  4.9441    , 0.11326E-05,
"CAS100-44-7",  2.5650    , 0.79826E-06,
"CAS100-97-0",-0.32506    , 0.36801E-06,
"CAS10326-41-7",-0.60000    , 0.46998E-06,
"CAS105-53-3", 0.82376    , 0.10392E-05,
"CAS106-43-4",  3.2650    , 0.12719E-07,
"CAS107-92-6", 0.84500    , 0.41353E-05,
"CAS108-93-0",  1.3250    , 0.80065E-06,
"CAS111-14-8",  2.4050    , 0.39326E-05,
"CAS111-77-3",-0.66000    , 0.83049E-06,
"CAS112-29-8",  5.8150    , 0.50425E-06,
"CAS115-86-6",  4.1663    , 0.60685E-06,
"CAS120-18-3", 0.71500    , 0.10247E-07,
"CAS121-82-4",-0.97000    , 0.39442E-06,
"CAS124-04-9", 0.14374    , 0.11956E-05,
"CAS131-11-3",  1.7700    , 0.79274E-06,
"CAS140-11-4",  1.9400    , 0.67022E-06,
"CAS143-07-7",  4.6400    , 0.36801E-05,
"CAS15307-79-6",  4.2700    ,  0.0000    ,
"CAS2372-82-9",  4.4600    , 0.40477E-06,
"CAS28553-12-0",  8.4327    , 0.24733E-06,
"CAS350-46-9",  1.8350    ,  0.0000    ,
"CAS482-89-3",  3.4250    , 0.32773E-08,
"CAS5283-66-9",  7.1000    , 0.12966E-06,
"CAS576-26-1",  2.4150    , 0.33700E-07,
"CAS603-35-0",  5.0700    , 0.26272E-07,
"CAS6284-40-8", -2.8238    , 0.33623E-06,
"CAS68-11-1", 0.90000E-01, 0.44819E-05,
"CAS756-80-9",  1.6500    , 0.27387E-07,
"CAS77-78-1", 0.21500    , 0.43553E-06,
"CAS78-51-3",  3.5493    , 0.29991E-07,
"CAS80-04-6",  3.0650    , 0.26272E-07,
"CAS83-42-1",  3.0950    ,  0.0000    ,
"CAS86-74-8",  3.6000    ,  0.0000    ,
"CAS88-75-5",  1.8350    , 0.26659E-07,
"CAS90-12-0",  3.8875    , 0.32546E-07,
"CAS91-66-7",  3.0750    , 0.17232E-07,
"CAS95-49-8",  3.2650    , 0.34517E-08,
"CAS96-12-8",  2.6750    , 0.15415E-07,
"CAS97-88-1",  2.7050    , 0.74837E-06,
"CAS98-55-5",  2.9984    , 0.64283E-06,
"CAS99-96-7",  1.5100    , 0.13597E-05,
"CAS77-83-8",  2.4000    , 0.11326E-05,
"CAS79-07-2",-0.55500    , 0.35007E-06,
"CAS80-54-6",  4.1800    , 0.62190E-07,
"CAS88-12-0", 0.37080    , 0.31095E-07,
"CAS90-51-7",-0.57500    , 0.26303E-08,
"CAS93-58-3",  2.0850    , 0.62190E-06,
"CAS95-96-5",-0.46000    , 0.35007E-05,
"CAS97-52-9",  1.5300    , 0.67988E-07,
"CAS98-85-1",  1.4500    , 0.11326E-05,
"CAS100-20-9",  2.1600    , 0.35007E-05,
"CAS101-77-9",  1.6850    , 0.61712E-07,
"CAS102-81-8",  2.2100    , 0.13784E-07,
"CAS104-38-1", 0.61000    , 0.66522E-06,
"CAS105-95-3",  3.6371    , 0.79431E-06,
"CAS107-66-4",  1.8948    , 0.42901E-07,
"CAS109-16-0",  1.8549    , 0.73601E-06,
"CAS111-41-1", -1.6696    , 0.61054E-08,
"CAS112-25-4",  1.8600    , 0.99044E-06,
"CAS112-59-4",  1.7360    , 0.75756E-06,
"CAS115-27-5",  3.6600    , 0.27195E-07,
"CAS118-58-1",  4.0500    , 0.56576E-06,
"CAS120-47-8",  2.5100    , 0.63319E-06,
"CAS122-57-6",  2.1281    , 0.41141E-07,
"CAS124-09-4",-0.27481    , 0.45300E-06,
"CAS128-69-8",  4.5700    , 0.35007E-06,
"CAS142-16-5",  6.8100    , 0.40233E-06,
"CAS156-43-4",  1.2600    , 0.29099E-08,
"CAS474-25-9",  3.9633    , 0.33028E-06,
"CAS553-86-6",  1.2300    , 0.11326E-05,
"CAS614-45-9",  3.1800    , 0.14326E-06,
"CAS627-83-8",  15.000    , 0.58989E-06,
"CAS674-82-8", 0.11000    , 0.90856E-06,
"CAS713-95-1",  3.5740    , 0.96774E-06,
"CAS830-13-7",  3.5950    , 0.85437E-06,
"CAS929-06-6", -1.2621    , 0.51230E-06,
"CAS991-84-4",  12.323    , 0.11326E-05,
"CAS1120-21-4",  6.1450    , 0.30987E-06,
"CAS1493-13-6",-0.38000    , 0.35007E-05,
"CAS1760-24-3",-0.71000    , 0.14586E-06,
"CAS2031-67-6",  1.2400    , 0.11326E-05,
"CAS2210-79-9",  1.9352    , 0.35007E-05,
"CAS2402-79-1",  3.3700    , 0.35007E-07,
"CAS2512-29-0",  3.5100    , 0.17440E-06,
"CAS2605-79-0",  2.6000    , 0.35007E-06,
"CAS2855-13-2",  1.4400    , 0.69761E-07,
"CAS3033-62-3",-0.11000    , 0.60777E-07,
"CAS3115-49-9",  5.7250    , 0.20571E-06,
"CAS3320-83-0",  2.9500    , 0.35007E-06,
"CAS3687-22-7",  5.6850    , 0.10338E-07,
"CAS3886-69-9",  1.4250    , 0.33979E-06,
"CAS4378-61-4",  6.7500    , 0.35007E-06,
"CAS4559-86-8",  5.4200    , 0.35420E-06,
"CAS5089-70-3",  2.2000    , 0.36700E-06,
"CAS5333-84-6", 0.59000    , 0.35007E-05,
"CAS5726-19-2",  3.0600    , 0.56656E-06,
"CAS6318-09-8",  3.7100    , 0.35007E-06,
"CAS6422-86-2",  7.9050    , 0.41141E-06,
"CAS6711-48-4", 0.41000    , 0.36483E-06,
"CAS7027-11-4",  1.6226    , 0.11326E-05,
"CAS7473-98-5",  1.5500    , 0.11326E-05,
"CAS10042-59-8",  3.3693    , 0.67644E-06,
"CAS12225-18-2",  4.3200    , 0.11326E-05,
"CAS13393-93-6",  6.4000    , 0.16714E-07,
"CAS14338-82-0",  3.8300    , 0.35007E-05,
"CAS15625-89-5",  2.5472    , 0.21112E-06,
"CAS16415-12-6",  6.7000    , 0.21112E-06,
"CAS18171-19-2",  1.8200    , 0.11326E-06,
"CAS20120-33-6", -1.6900    , 0.11326E-05,
"CAS22094-93-5",  9.4000    , 0.35007E-08,
"CAS24293-43-4",  6.9800    , 0.35007E-06,
"CAS25498-49-1", 0.50000    , 0.20784E-07,
"CAS26896-20-8",  3.4100    , 0.35007E-05,
"CAS29920-31-8",  2.3600    , 0.11326E-05,
"CAS31837-42-0",  2.5700    , 0.11326E-05,
"CAS35265-04-4", 0.45362    , 0.43601E-06,
"CAS36768-62-4",  1.1800    , 0.14429E-07,
"CAS41340-36-7",  2.6187    , 0.35007E-06,
"CAS52829-07-9",  6.5000    , 0.17069E-06,
"CAS56309-94-5",  1.8900    ,  0.0000    ,
"CAS57374-49-9",  4.1500    , 0.35007E-06,
"CAS60111-54-8",  9.3550    , 0.11326E-05,
"CAS65520-46-9",  2.8700    , 0.60229E-06,
"CAS68134-22-5",  3.1700    , 0.11326E-05,
"CAS71604-74-5", 0.87000    , 0.11326E-05,
"CAS76114-73-3",  1.6400    , 0.35007E-05,
"CAS81782-77-6",  3.9700    , 0.11326E-05,
"CAS84583-68-6",  5.0400    , 0.11326E-05,
"CAS89182-60-5", -3.2300    , 0.35007E-05,
"CAS94050-90-5", 0.94000    , 0.11326E-05,
"CAS102985-93-3",  5.9900    , 0.11326E-05,
"CAS110964-79-9", 0.60000    , 0.35007E-05,
"CAS120578-03-2",  4.8700    , 0.35007E-06,
"CAS133467-41-1",  3.7200    , 0.11326E-05,
"CAS139189-30-3",  9.6600    , 0.35007E-06,
"CAS153719-38-1", -1.2200    , 0.35007E-05,
"CAS172529-93-0", 0.58474    , 0.11326E-05,
"CAS232938-43-1",  3.9700    , 0.11326E-05,
"CAS1001354-72-8",  1.2250    , 0.34805E-06,
"CAS76855-69-1",  2.1700    , 0.35007E-05,
"CAS121-75-5",  2.5350    , 0.13968E-06,
"CAS22204-53-1",  2.9800    , 0.80067E-08,
"CAS443-48-1",-0.50000E-02, 0.88282E-07,
"CAS54-31-9",  2.2650    , 0.18523E-07,
"CAS58-22-0",  3.2672    , 0.33567E-06,
"CAS66357-35-5", 0.33000    , 0.61832E-07,
"CAS79617-96-2",  5.1800    , 0.29180E-07,
"CAS93413-69-5",  3.1500    , 0.38827E-07,
"CAS51481-61-9", 0.64000    , 0.89265E-07,
"CAS56-86-0", -1.8827    , 0.46319E-06,
"CAS114798-26-4",  3.5600    , 0.11326E-06,
"CAS1014-69-3",  2.6300    ,  0.0000    ,
"CAS1113-02-6",-0.56500    , 0.94523E-07,
"CAS115-32-2",  5.5317    , 0.43964E-08,
"CAS121552-61-2",  3.7600    , 0.63625E-08,
"CAS13121-70-5",  5.3900    , 0.51616E-08,
"CAS13457-18-6",  3.6450    , 0.79188E-07,
"CAS142459-58-3",  3.1050    , 0.20123E-07,
"CAS1563-66-2",  2.2600    , 0.86720E-08,
"CAS1702-17-6",  1.7150    , 0.29659E-07,
"CAS1912-24-9",  2.6450    ,  0.0000    ,
"CAS2212-67-1",  2.7450    , 0.17419E-07,
"CAS23947-60-6",  2.9200    , 0.71840E-08,
"CAS28434-01-7",  6.4450    , 0.52032E-07,
"CAS330-54-1",  2.7400    , 0.89570E-08,
"CAS34681-10-2",  1.2300    , 0.55810E-07,
"CAS41483-43-6",  2.6782    , 0.67241E-07,
"CAS53112-28-0",  3.1345    , 0.93696E-08,
"CAS56-38-2",  3.6500    , 0.11346E-07,
"CAS63284-71-9",  2.9250    ,  0.0000    ,
"CAS6923-22-4",-0.33000    , 0.56597E-07,
"CAS732-11-6",  2.8100    , 0.26358E-06,
"CAS79983-71-4",  3.6600    , 0.57482E-08,
"CAS83657-24-3",  4.0821    , 0.83608E-08,
"CAS919-86-8",  1.4500    , 0.96798E-08,
"CAS99129-21-2",  4.3900    , 0.26016E-07,
"CAS67375-30-8",  6.1600    , 0.39207E-07,
"CAS94-81-5",  3.3100    , 0.18657E-06,
"CAS1420-07-1",  3.4700    , 0.11326E-05,
"CAS10311-84-9",  4.5500    , 0.11326E-05,
"CAS27314-13-2",  2.3500    , 0.35007E-05,
"CAS61213-25-0",  3.1500    , 0.35007E-06,
"CAS78587-05-0",  3.7750    , 0.11326E-05,
"CAS149979-41-9",  3.1400    , 0.11326E-05,
"CAS100-46-9",  1.0900    , 0.35467E-06,
"CAS101-02-0",  5.8000    , 0.84172E-07,
"CAS103-69-5",  2.1450    , 0.59860E-08,
"CAS105-55-5", 0.58500    , 0.57259E-08,
"CAS106-44-5",  2.0050    , 0.71438E-06,
"CAS107-93-7", 0.72654    , 0.42224E-05,
"CAS108-95-2",  1.4950    , 0.93177E-06,
"CAS111-27-3",  1.9150    , 0.38756E-05,
"CAS111-86-4",  2.8150    , 0.50047E-06,
"CAS112-30-1",  4.1950    , 0.36970E-05,
"CAS115-96-8",  1.5350    , 0.14983E-07,
"CAS120-78-5",  5.4300    , 0.47163E-08,
"CAS121-86-8",  3.0950    , 0.32994E-08,
"CAS124-07-2",  2.9750    , 0.38385E-05,
"CAS131-17-9",  3.2550    , 0.82030E-06,
"CAS140-31-8",-0.86000    , 0.93422E-07,
"CAS143-08-8",  3.6000    , 0.37664E-05,
"CAS15356-60-2",  3.1700    , 0.31572E-06,
"CAS2416-94-6",  2.8252    , 0.16373E-07,
"CAS2867-47-2",  1.3900    , 0.54836E-06,
"CAS3547-33-9",  3.6600    , 0.12179E-06,
"CAS4904-61-4",  5.1300    , 0.15518E-07,
"CAS5292-45-5",  1.6550    , 0.75329E-06,
"CAS583-78-8",  2.9550    , 0.13276E-07,
"CAS611-06-3",  3.0840    , 0.22868E-08,
"CAS629-40-3", 0.53500    , 0.10563E-07,
"CAS6850-63-1",  2.1200    , 0.26358E-06,
"CAS75-98-9",  1.3900    ,  0.0000    ,
"CAS7785-26-4",  4.2050    , 0.96804E-07,
"CAS78-59-1",  1.9700    , 0.20872E-06,
"CAS80-05-7",  3.6350    , 0.12760E-06,
"CAS84-65-1",  3.3850    , 0.36261E-08,
"CAS868-77-9", 0.40776    , 0.67587E-06,
"CAS88-85-7",  3.4400    , 0.83434E-08,
"CAS9016-45-9",  5.1100    , 0.24733E-06,
"CAS92-52-4",  3.8000    , 0.90650E-06,
"CAS95-51-2",  1.8984    ,  0.0000    ,
"CAS96-18-4",  2.1854    , 0.15415E-07,
"CAS98-00-0", 0.25000    , 0.30797E-06,
"CAS98-73-7",  3.7100    , 0.15011E-07,
"CAS99-97-8",  2.7900    , 0.12007E-07,
"CAS77-86-1", -1.6000    , 0.60229E-06,
"CAS79-14-1",-0.95000    , 0.43839E-05,
"CAS80-73-9",-0.30000E-01, 0.99783E-08,
"CAS88-27-7",  4.6100    , 0.11326E-05,
"CAS90-72-2",  1.0500    , 0.35007E-05,
"CAS93-69-6",  1.0500    , 0.35007E-05,
"CAS96-48-0",-0.35000    , 0.70373E-06,
"CAS97-65-4",-0.10000    , 0.69399E-06,
"CAS99-34-3",  1.6200    , 0.11326E-05,
"CAS100-69-6",  1.6750    , 0.52780E-07,
"CAS101-80-4",  1.3650    , 0.58134E-07,
"CAS103-09-3",  3.7600    , 0.38514E-06,
"CAS104-61-0",  2.4226    , 0.49248E-06,
"CAS106-02-5",  5.3150    , 0.90856E-06,
"CAS107-75-5",  2.1100    , 0.31399E-06,
"CAS110-25-8",  6.7500    , 0.47275E-06,
"CAS111-64-8",  3.6500    , 0.11326E-05,
"CAS112-31-2",  4.0250    , 0.37314E-05,
"CAS112-67-4",  7.2000    , 0.11326E-05,
"CAS115-70-8",-0.76000    , 0.95506E-07,
"CAS118-60-5",  5.2050    , 0.39913E-06,
"CAS120-55-8",  3.6400    , 0.61147E-06,
"CAS122-62-3",  8.6200    , 0.49891E-06,
"CAS124-13-0",  2.9050    , 0.38203E-05,
"CAS131-56-6",  3.1260    , 0.45660E-08,
"CAS142-19-8",  3.6700    , 0.92319E-06,
"CAS294-90-6", -1.4700    , 0.10990E-06,
"CAS497-18-7", -1.9700    , 0.35007E-05,
"CAS561-41-1",  4.1800    , 0.11326E-05,
"CAS615-20-3",  2.8500    , 0.35007E-06,
"CAS628-89-7", 0.14000    , 0.61101E-06,
"CAS682-01-9",  3.4400    , 0.11326E-05,
"CAS760-67-8",  3.2348    , 0.35007E-06,
"CAS867-13-0",  1.0000    , 0.35007E-05,
"CAS931-36-2", 0.89000    , 0.35007E-06,
"CAS993-13-5", -1.0800    , 0.11326E-06,
"CAS1120-24-7",  4.6250    , 0.11627E-06,
"CAS1506-02-1", -999.00    , -999.00    ,
"CAS1809-19-4",  1.8100    , 0.11326E-05,
"CAS2040-90-6",  2.3396    , 0.11326E-05,
"CAS2224-33-1",  4.8200    , 0.35007E-06,
"CAS2403-88-5",  1.5500    , 0.25631E-08,
"CAS2526-62-7",-0.11000    , 0.31314E-06,
"CAS2612-57-9",  3.7600    , 0.11326E-06,
"CAS2896-70-0", 0.22000    , 0.11326E-05,
"CAS3047-32-3", 0.41000    , 0.31836E-07,
"CAS3148-73-0", -1.0400    , 0.11326E-05,
"CAS3332-27-2",  4.4800    , 0.11326E-05,
"CAS3699-54-5",-0.90195    , 0.35007E-05,
"CAS3913-02-8",  4.1842    , 0.22285E-06,
"CAS4394-85-8",-0.79000    , 0.44323E-07,
"CAS4635-59-0",  1.4759    , 0.35007E-07,
"CAS5102-83-0",  8.1100    , 0.14586E-06,
"CAS5343-92-0",-0.23000    , 0.52264E-06,
"CAS5766-67-6", -2.1700    , 0.35007E-06,
"CAS6331-96-0",  1.0209    , 0.11326E-06,
"CAS6425-39-4",-0.68000    , 0.11543E-07,
"CAS6712-98-7",-0.97000    , 0.30856E-07,
"CAS7069-42-3",  7.0500    , 0.35007E-05,
"CAS7526-26-3",  2.6500    , 0.35007E-06,
"CAS10081-67-1",  8.3400    , 0.12155E-06,
"CAS12236-62-3",  3.2500    , 0.11326E-05,
"CAS13402-02-3",  7.9400    , 0.56497E-06,
"CAS14442-94-5",  12.340    , 0.14075E-06,
"CAS15721-78-5",  9.7096    , 0.46915E-08,
"CAS16634-82-5",  1.9825    , 0.11326E-05,
"CAS18379-25-4",  5.7300    , 0.11326E-05,
"CAS20292-08-4",  8.1600    , 0.60274E-06,
"CAS22871-58-5",  1.7000    , 0.35007E-05,
"CAS24424-99-5",  2.4000    , 0.11326E-05,
"CAS25601-41-6",  4.0700    , 0.10783E-05,
"CAS27458-94-2",  2.9753    , 0.64283E-06,
"CAS29964-84-9",  5.3300    , 0.26939E-06,
"CAS32388-55-9",  4.9700    , 0.37664E-07,
"CAS35435-21-3",  4.0100    , 0.35007E-06,
"CAS37052-78-1",  2.0100    , 0.11326E-05,
"CAS41620-33-1",  6.9050    , 0.11326E-05,
"CAS52846-56-7",  2.6000    , 0.11326E-05,
"CAS56358-17-9",  5.6700    , 0.11326E-05,
"CAS57843-53-5",-0.69000    , 0.18233E-06,
"CAS60658-04-0",  3.9800    , 0.11326E-05,
"CAS65855-02-9",  1.2600    , 0.11326E-05,
"CAS68227-78-1",  7.7700    , 0.11326E-06,
"CAS71617-10-2",  3.6753    , 0.11326E-05,
"CAS76201-56-4", -1.8300    , 0.11326E-05,
"CAS82199-12-0",  2.3900    , 0.11326E-05,
"CAS84713-17-7",  1.6400    , 0.35007E-06,
"CAS89604-91-1",  3.7200    , 0.11326E-05,
"CAS94723-86-1",  2.3700    , 0.11326E-05,
"CAS103597-45-1",  11.875    , 0.11326E-05,
"CAS116539-55-0", 0.80000    , 0.11326E-05,
"CAS121219-07-6",  2.6200    , 0.11326E-05,
"CAS133636-82-5",  4.1800    , 0.11326E-05,
"CAS139504-68-0",  4.0300    , 0.25070E-06,
"CAS154279-60-4",  5.5900    , 0.25887E-06,
"CAS173904-11-5",  4.7000    , 0.35007E-06,
"CAS256473-04-8",  2.4900    , 0.11326E-05,
"CAS1017183-70-8",  3.0390    , 0.35007E-06,
"CAS3748-13-8",  4.2800    , 0.35007E-06,
"CAS127-07-1", -1.6100    , 0.69701E-06,
"CAS23593-75-1",  5.3450    , 0.19535E-07,
"CAS49562-28-9",  5.0122    , 0.59983E-07,
"CAS54739-18-3",  3.0400    , 0.20872E-06,
"CAS58-55-9",-0.95000E-01, 0.70117E-08,
"CAS67-20-9",-0.11781    , 0.14737E-06,
"CAS81-81-2",  2.9227    , 0.45351E-06,
"CAS94-09-7",  1.8150    , 0.18905E-06,
"CAS50-18-0", 0.65810    , 0.64777E-08,
"CAS80-08-0",  1.1000    , 0.11326E-05,
"CAS2164-08-1",  2.5000    , 0.15906E-06,
"CAS10265-92-6",-0.68000    , 0.10208E-07,
"CAS111479-05-1",  4.5950    , 0.11820E-06,
"CAS116-06-3",  1.3600    , 0.76180E-07,
"CAS122-14-5",  3.3000    , 0.11583E-07,
"CAS131341-86-1",  3.5830    , 0.28640E-08,
"CAS13593-03-8",  3.5750    , 0.10234E-07,
"CAS143390-89-0",  3.9855    , 0.70621E-06,
"CAS1582-09-8",  5.2500    , 0.18395E-07,
"CAS173159-57-4", 0.75500    , 0.56201E-07,
"CAS1918-00-9",  2.7542    , 0.94523E-07,
"CAS22224-92-6",  3.2113    , 0.76910E-07,
"CAS23950-58-5",  3.4950    , 0.23609E-07,
"CAS2921-88-2",  4.8050    , 0.12619E-07,
"CAS330-55-2",  3.0300    ,  0.0000    ,
"CAS35367-38-5",  3.7650    , 0.28969E-07,
"CAS42874-03-3",  4.5310    , 0.34872E-07,
"CAS55179-31-2",  4.0450    , 0.17122E-07,
"CAS57018-04-9",  4.5400    , 0.13254E-07,
"CAS640-15-3",  3.1450    , 0.11363E-07,
"CAS69377-81-7",  1.6752    ,  0.0000    ,
"CAS74051-80-2",  4.1000    , 0.64310E-07,
"CAS80-33-1",  4.1400    ,  0.0000    ,
"CAS84087-01-4",  2.9700    , 0.90269E-07,
"CAS93-65-2",  2.9550    , 0.37183E-08,
"CAS99-30-9",  2.8200    ,  0.0000    ,
"CAS87674-68-8",  2.4850    , 0.12366E-06,
"CAS94-82-6",  3.4400    , 0.21683E-06,
"CAS1967-16-4",  3.0900    , 0.11326E-05,
"CAS13171-21-6",  1.0200    , 0.35007E-06,
"CAS29091-05-2",  4.1300    , 0.35007E-06,
"CAS62850-32-2",  3.1055    , 0.11326E-05,
"CAS79241-46-6",  4.3610    , 0.11326E-05,
"CAS161050-58-4",  3.6600    , 0.11326E-05,
"CAS100-47-0",  1.5500    , 0.40093E-06,
"CAS101-20-2",  4.9750    ,  0.0000    ,
"CAS103-74-2", 0.20000    , 0.26748E-07,
"CAS105-60-2", 0.45000E-01, 0.23993E-06,
"CAS106-46-7",  3.2850    , 0.23184E-08,
"CAS108-39-4",  2.0050    , 0.27760E-05,
"CAS109-52-4",  1.2450    , 0.41141E-05,
"CAS111-30-8", 0.18000    , 0.43839E-05,
"CAS111-87-5",  2.9900    , 0.37842E-05,
"CAS112-34-5", 0.57000    , 0.77438E-06,
"CAS117-81-7",  7.7550    , 0.41078E-06,
"CAS120-80-9",  1.0300    , 0.40931E-05,
"CAS122-03-2",  3.0500    , 0.81779E-06,
"CAS124-18-5",  5.7800    , 0.30987E-06,
"CAS131-57-7",  3.7150    , 0.38090E-07,
"CAS14064-10-9",  1.1100    , 0.30679E-06,
"CAS14433-76-2",  3.4700    , 0.39973E-06,
"CAS1570-64-5",  2.8250    , 0.39349E-08,
"CAS2461-15-6",  2.9350    , 0.56201E-07,
"CAS288-13-1", 0.29296    , 0.40436E-06,
"CAS38083-17-9",  3.3600    , 0.12358E-07,
"CAS50-21-5",-0.60000    , 0.46998E-06,
"CAS53-16-7",  3.4050    , 0.11009E-06,
"CAS584-84-9",  3.3100    , 0.44772E-07,
"CAS616-45-5",-0.70000    , 0.18469E-06,
"CAS629-62-9",  7.9050    , 0.30987E-06,
"CAS693-21-0",  1.1750    , 0.20571E-05,
"CAS76-03-9",  1.4450    , 0.57821E-07,
"CAS7785-70-8",  4.2050    , 0.96804E-07,
"CAS78-70-6",  3.2850    , 0.31523E-06,
"CAS80-15-9",  2.4200    , 0.12043E-07,
"CAS84-66-2",  2.6750    , 0.82621E-06,
"CAS872-50-4",-0.33500    , 0.20343E-06,
"CAS88-99-3",  1.2054    , 0.11268E-05,
"CAS90-30-2",  4.3224    , 0.62270E-08,
"CAS92-69-3",  3.1667    , 0.51039E-07,
"CAS95-53-4",  1.4800    , 0.42993E-06,
"CAS96-23-1", 0.66000    , 0.45869E-06,
"CAS98-07-7",  3.6150    , 0.39016E-07,
"CAS98-82-8",  3.6100    , 0.49465E-07,
"CAS99-99-0",  2.3867    , 0.13008E-07,
"CAS77-90-7",  4.2900    , 0.92639E-06,
"CAS79-16-3",-0.78000    , 0.28219E-06,
"CAS81-07-2", 0.66854    , 0.23471E-07,
"CAS88-44-8",-0.49785    , 0.25428E-08,
"CAS90-80-2", -2.2700    , 0.35007E-05,
"CAS93-70-9",  1.3200    , 0.11326E-05,
"CAS96-49-1",-0.34000    , 0.97836E-06,
"CAS97-78-9",  4.1400    , 0.48212E-06,
"CAS99-57-0",  1.1100    , 0.35007E-05,
"CAS101-14-4",  3.6778    ,  0.0000    ,
"CAS101-96-2",  3.5200    , 0.31836E-08,
"CAS103-26-4",  2.3750    , 0.35007E-05,
"CAS104-66-5",  3.8100    , 0.64129E-08,
"CAS106-20-7",  6.3200    , 0.25070E-06,
"CAS107-88-0",-0.73000    , 0.41353E-05,
"CAS110-41-8",  4.9700    , 0.44794E-06,
"CAS111-75-1", 0.63000    , 0.49860E-06,
"CAS112-33-4", -1.2800    , 0.66577E-06,
"CAS112-69-6",  7.5200    , 0.14326E-06,
"CAS115-95-7",  3.9250    , 0.35007E-05,
"CAS118-69-4",  3.9483    , 0.42833E-08,
"CAS120-57-0",  1.3402    , 0.64750E-06,
"CAS123-04-6",  4.5000    , 0.21112E-06,
"CAS124-17-4",  1.3500    , 0.62384E-06,
"CAS133-91-5",  4.4150    , 0.11326E-05,
"CAS142-91-6",  8.1700    , 0.83743E-06,
"CAS298-12-4", -1.0000    , 0.45843E-05,
"CAS502-44-3", 0.52000    , 0.77438E-06,
"CAS583-39-1",  1.9500    , 0.36599E-08,
"CAS615-60-1",  3.7350    , 0.35007E-06,
"CAS628-96-6",  1.1650    , 0.11326E-05,
"CAS682-09-7",  2.1100    , 0.75117E-06,
"CAS762-04-9",-0.24000    , 0.11326E-05,
"CAS872-05-9",  5.1800    , 0.64438E-06,
"CAS932-64-9", -1.2400    , 0.11326E-05,
"CAS1003-52-7", 0.27000    , 0.11326E-05,
"CAS1120-36-1",  6.5600    , 0.63925E-06,
"CAS1530-32-1",  5.7700    , 0.11326E-06,
"CAS1843-03-4",  10.970    , 0.11326E-05,
"CAS2044-64-6",-0.51000    , 0.11326E-05,
"CAS2226-96-2", 0.63000    , 0.11326E-05,
"CAS2403-89-6",  1.5500    , 0.11326E-05,
"CAS2528-61-2",  3.1100    , 0.35007E-06,
"CAS2627-86-3",  1.4250    , 0.33979E-06,
"CAS2915-57-3",  6.8200    , 0.38570E-06,
"CAS3049-71-6",  9.3600    , 0.11326E-06,
"CAS3173-72-6",  3.9400    , 0.11326E-05,
"CAS3407-42-9",  4.1798    , 0.14075E-06,
"CAS3710-84-7", 0.80000E-01, 0.60184E-08,
"CAS4065-45-6", 0.88000    , 0.37654E-07,
"CAS4402-30-6",-0.20000    , 0.70373E-07,
"CAS4651-67-6",  4.0676    , 0.11326E-05,
"CAS5117-12-4",-0.43000    , 0.35007E-05,
"CAS5413-60-5",  2.7800    , 0.29279E-06,
"CAS5888-33-5",  3.8900    , 0.35007E-05,
"CAS6358-30-1",  8.5300    , 0.35007E-06,
"CAS6448-95-9",  5.9726    , 0.35007E-06,
"CAS6731-36-8",  6.0900    , 0.43839E-07,
"CAS7173-62-8",  7.0800    , 0.48358E-06,
"CAS7534-94-3",  4.2600    , 0.43436E-06,
"CAS10097-02-6",-0.86000    ,  0.0000    ,
"CAS12236-64-5",  4.4700    , 0.35007E-06,
"CAS13472-08-7",  2.3400    , 0.35007E-06,
"CAS14657-64-8",-0.25000    , 0.35007E-05,
"CAS15827-60-8", -9.0800    , 0.35007E-06,
"CAS16712-64-4",  2.6550    , 0.35007E-05,
"CAS18479-58-8",  3.1300    , 0.11326E-05,
"CAS20298-69-5",  4.1900    , 0.21683E-06,
"CAS22984-54-9",  4.7300    , 0.40518E-07,
"CAS24468-13-1",  3.7125    , 0.35007E-05,
"CAS26218-04-2",  4.0208    , 0.11326E-05,
"CAS27955-94-8",  3.9800    , 0.11326E-05,
"CAS30674-80-7",  1.7200    , 0.64907E-06,
"CAS33329-35-0",  1.1700    , 0.63170E-07,
"CAS35636-63-6",  2.3600    , 0.11326E-05,
"CAS37971-36-1", -2.0900    , 0.11326E-05,
"CAS42019-78-3",  3.3740    , 0.11326E-06,
"CAS53306-54-0",  9.5400    , 0.88354E-06,
"CAS56519-71-2",  6.7650    , 0.11173E-05,
"CAS58190-57-1",  3.6700    , 0.35007E-06,
"CAS61260-55-7",  4.4300    , 0.91165E-07,
"CAS66063-15-8",  3.5800    , 0.11326E-06,
"CAS68516-73-4",  3.6200    , 0.11326E-05,
"CAS71735-74-5",  3.8200    , 0.35007E-05,
"CAS76524-94-2", 0.74000    , 0.11326E-05,
"CAS82985-35-1",-0.90000E-01, 0.25879E-06,
"CAS84852-53-9",  11.090    , 0.35007E-06,
"CAS90268-23-8",  6.3400    , 0.18657E-06,
"CAS95235-30-6",  3.0203    , 0.34182E-08,
"CAS103694-68-4",  3.0400    , 0.11326E-05,
"CAS118135-28-7",  3.8900    , 0.74352E-08,
"CAS123968-25-2",  12.212    , 0.30160E-07,
"CAS134701-20-5",  10.040    , 0.11326E-05,
"CAS145783-14-8",  3.1700    , 0.35007E-06,
"CAS154702-15-5",  10.963    , 0.11326E-05,
"CAS174489-43-1",  2.8154    , 0.11326E-05,
"CAS256473-05-9",  3.5450    , 0.35007E-06,
"CAS1154308-86-7",  1.9973    , 0.11326E-05,
"CAS13311-84-7",  3.2450    ,  0.0000    ,
"CAS25812-30-0",  4.1900    , 0.34854E-08,
"CAS50-02-2",  1.8550    , 0.10302E-06,
"CAS54-85-3",-0.68592    , 0.90582E-08,
"CAS59-05-2",-0.61500    , 0.55810E-07,
"CAS69-53-4", 0.87500    , 0.54669E-07,
"CAS82419-36-1", 0.10000    , 0.51682E-08,
"CAS97-77-8",  3.7750    , 0.26748E-07,
"CAS126-07-8",  2.3500    , 0.31785E-06,
"CAS81-13-0", -1.1500    , 0.11326E-05,
"CAS3813-05-6",  2.0550    , 0.10087E-07,
"CAS102851-06-9",  6.5800    , 0.16764E-07,
"CAS111988-49-9",  1.5500    , 0.22359E-07,
"CAS116255-48-2",  3.4050    ,  0.0000    ,
"CAS122-34-9",  2.2850    , 0.26717E-08,
"CAS131807-57-3",  4.4600    , 0.86254E-08,
"CAS136426-54-5",  3.2350    , 0.23679E-07,
"CAS145701-23-1",  1.4300    , 0.29774E-08,
"CAS15972-60-8",  3.0350    , 0.70801E-07,
"CAS1746-81-2",  2.2100    ,  0.0000    ,
"CAS1918-16-7",  2.2800    , 0.71432E-07,
"CAS2275-23-2", 0.84000    , 0.34276E-07,
"CAS24017-47-8",  3.5050    , 0.15731E-07,
"CAS29232-93-7",  3.9200    , 0.26358E-07,
"CAS33089-61-1",  5.3800    , 0.32813E-07,
"CAS35554-44-0",  3.9250    , 0.17159E-07,
"CAS43121-43-3",  2.9350    , 0.21998E-08,
"CAS55219-65-3",  3.0500    , 0.46766E-08,
"CAS57646-30-7",  2.7100    , 0.11482E-06,
"CAS64902-72-3",  2.0300    , 0.28156E-07,
"CAS69806-34-4",  3.2950    ,  0.0000    ,
"CAS74070-46-5",  3.9250    , 0.42333E-08,
"CAS81777-89-1",  2.4000    , 0.10488E-07,
"CAS841-06-5",  2.9050    , 0.37304E-07,
"CAS94125-34-5",  2.7696    , 0.21437E-07,
"CAS94-75-7",  2.7200    , 0.75463E-07,
"CAS76-87-9",  3.4700    , 0.33884E-08,
"CAS115-29-7",  3.6850    , 0.35007E-07,
"CAS2439-01-2",  3.1154    , 0.11326E-05,
"CAS13194-48-4",  3.2204    , 0.11326E-05,
"CAS29104-30-1",  3.7450    , 0.11326E-05,
"CAS66215-27-8", 0.20000    , 0.11326E-06,
"CAS81335-37-7",  2.1623    , 0.35007E-05,
"CAS208465-21-8",  1.2500    , 0.11326E-05,
"CAS100-51-6",  1.1280    , 0.10975E-05,
"CAS101-84-8",  4.0000    , 0.49609E-08,
"CAS103-83-3",  1.7578    , 0.16912E-06,
"CAS105-67-9",  2.3732    , 0.44594E-06,
"CAS106-47-8",  1.7928    , 0.51319E-08,
"CAS108-42-9",  1.8484    , 0.64830E-08,
"CAS109-77-3",-0.35000    , 0.40375E-06,
"CAS111-40-0", -1.8700    , 0.28840E-08,
"CAS111-90-0",-0.41000    , 0.81036E-06,
"CAS112-36-7", 0.47500    , 0.97598E-06,
"CAS118-79-6",  4.1050    , 0.23133E-07,
"CAS120-82-1",  3.9100    , 0.23926E-08,
"CAS122-39-4",  3.1971    , 0.41163E-08,
"CAS1241-94-7",  5.7000    , 0.13342E-07,
"CAS134605-64-4",  3.6350    , 0.99198E-07,
"CAS140-66-9",  4.6990    , 0.44835E-08,
"CAS144-62-7", -1.0100    , 0.47471E-05,
"CAS1948-33-0",  2.5511    , 0.17085E-07,
"CAS2495-37-6",  2.8500    , 0.62287E-06,
"CAS288-88-0",-0.54500    , 0.80710E-06,
"CAS39515-51-0",  3.2750    , 0.47140E-07,
"CAS503-74-2",  1.1650    , 0.34745E-06,
"CAS534-52-1",  2.2700    ,  0.0000    ,
"CAS586-62-9",  4.4250    , 0.56338E-06,
"CAS618-62-2",  3.1000    , 0.46189E-08,
"CAS63-05-8",  2.9000    , 0.32947E-06,
"CAS693-98-1", 0.23000    , 0.50266E-06,
"CAS76-22-2",  2.5250    , 0.47839E-06,
"CAS77-92-9", -1.6550    , 0.83918E-06,
"CAS79-06-1",-0.67000    , 0.34850E-06,
"CAS80-26-2",  3.9350    , 0.67701E-06,
"CAS84-69-5",  4.2900    , 0.88354E-06,
"CAS87-59-2",  1.8800    ,  0.0000    ,
"CAS89-62-3",  1.8200    , 0.28685E-08,
"CAS90-43-7",  3.1400    , 0.57222E-06,
"CAS92-88-6",  2.5600    , 0.68975E-07,
"CAS95-54-5", 0.25500    , 0.35493E-08,
"CAS96-24-2",-0.53500    , 0.69399E-06,
"CAS98-09-9",  1.8900    , 0.85619E-06,
"CAS98-86-2",  1.6300    , 0.73737E-06,
"CAS56-18-8", -1.2800    , 0.34987E-06,
"CAS77-93-0", 0.91000    , 0.57019E-06,
"CAS79-41-4", 0.82000    , 0.83221E-06,
"CAS81-25-4",  2.5100    , 0.31253E-06,
"CAS88-45-9", -1.4286    , 0.11326E-05,
"CAS91-68-9",  2.5962    , 0.35007E-05,
"CAS93-92-5",  2.3800    , 0.11326E-05,
"CAS96-67-3", -1.0200    , 0.35007E-05,
"CAS97-90-5",  2.1561    , 0.71758E-06,
"CAS99-62-7",  4.4211    , 0.31836E-07,
"CAS101-37-1",  2.4930    , 0.11326E-05,
"CAS102-01-2",  1.0166    , 0.57141E-06,
"CAS103-45-7",  2.3250    , 0.61570E-06,
"CAS104-67-6",  3.1200    , 0.56417E-06,
"CAS106-21-8",  3.3550    , 0.28848E-06,
"CAS107-96-0", 0.47000    , 0.46107E-08,
"CAS110-42-9",  4.4200    , 0.99289E-06,
"CAS111-81-9",  4.3700    , 0.11678E-05,
"CAS112-35-6",-0.87000    , 0.71438E-06,
"CAS112-72-1",  6.2000    , 0.35815E-05,
"CAS116-37-0",  3.6000    , 0.17828E-06,
"CAS118-75-2",  2.1900    , 0.11326E-06,
"CAS120-61-6",  1.9425    , 0.78345E-06,
"CAS123-05-7",  2.7900    , 0.62239E-06,
"CAS124-19-6",  3.5850    , 0.38022E-05,
"CAS140-29-4",  1.5550    , 0.53806E-06,
"CAS143-22-6", 0.41500    , 0.65597E-06,
"CAS329-01-1",  3.5600    , 0.35007E-05,
"CAS506-30-9",  8.8850    , 0.34881E-05,
"CAS599-04-2",-0.55000    , 0.35007E-05,
"CAS616-47-7", 0.15152    , 0.35007E-06,
"CAS629-11-8",-0.45000E-01, 0.12555E-05,
"CAS682-11-1", 0.74000    , 0.44032E-06,
"CAS763-69-9",  1.2500    , 0.20056E-06,
"CAS872-36-6",-0.20000E-01, 0.10220E-05,
"CAS936-49-2",  1.3100    , 0.35007E-06,
"CAS1013-88-3",  3.0450    , 0.11326E-05,
"CAS1120-71-4",-0.49000    , 0.87487E-06,
"CAS1696-20-4",-0.41000    , 0.89139E-07,
"CAS1852-17-1",-0.41000    , 0.25697E-08,
"CAS2082-81-7",  2.6700    , 0.70066E-06,
"CAS2235-00-9",  1.1950    , 0.33289E-07,
"CAS2409-55-4",  3.6500    , 0.15194E-07,
"CAS2530-87-2",  1.0800    , 0.29801E-06,
"CAS2643-07-4",  2.9337    , 0.38385E-07,
"CAS2920-38-9",  3.4050    , 0.35007E-06,
"CAS3061-75-4",  8.6600    , 0.58559E-06,
"CAS3179-47-3",  5.7250    , 0.82963E-06,
"CAS3437-84-1",  1.7700    , 0.35007E-05,
"CAS3717-40-6",  2.9400    , 0.35007E-06,
"CAS4073-98-7",  3.4800    , 0.35007E-06,
"CAS4431-83-8", 0.28529E-01, 0.67873E-08,
"CAS4672-38-2",-0.45000    , 0.11326E-05,
"CAS5124-30-1",  5.1900    , 0.24311E-06,
"CAS5435-64-3",  2.8800    , 0.14075E-06,
"CAS5888-87-9",  1.7000    , 0.11326E-05,
"CAS6358-37-8",  7.3360    , 0.35007E-06,
"CAS6485-55-8", 0.28000    ,  0.0000    ,
"CAS6786-83-0",  6.7900    , 0.35007E-06,
"CAS7195-44-0", 0.99713    , 0.79510E-06,
"CAS7575-23-7",  2.7700    , 0.38570E-07,
"CAS10233-13-3",  5.9850    , 0.79274E-06,
"CAS12542-30-2",  3.2000    , 0.11326E-05,
"CAS13501-76-3",  3.5400    , 0.11326E-05,
"CAS14814-09-6",  2.0900    , 0.27334E-06,
"CAS15834-04-5",  5.7100    , 0.66632E-06,
"CAS17689-77-9",  1.0510    , 0.35007E-05,
"CAS18600-59-4",  3.6500    , 0.11326E-05,
"CAS20592-85-2", -5.4500    , 0.35007E-06,
"CAS23410-40-4",  0.0000    , 0.35007E-05,
"CAS24549-06-2",  2.3900    , 0.11326E-05,
"CAS26272-90-2",  7.7957    , 0.10697E-05,
"CAS28219-61-6",  4.3700    , 0.11326E-05,
"CAS31024-56-3",  1.1800    , 0.33042E-06,
"CAS33704-61-9",  4.0600    , 0.11326E-05,
"CAS35836-72-7",  4.0900    , 0.35007E-05,
"CAS38051-10-4",  3.3100    , 0.35007E-06,
"CAS42125-46-2",  4.1900    , 0.11326E-05,
"CAS53445-37-7",  1.3381    , 0.11974E-06,
"CAS56539-66-3", 0.62000    , 0.40113E-07,
"CAS58430-94-7",  3.4600    , 0.22922E-06,
"CAS61597-98-6",  3.3200    , 0.35007E-05,
"CAS66068-84-6",  4.2038    ,  0.0000    ,
"CAS68610-86-6",  7.1876    , 0.35007E-06,
"CAS71902-23-3",  3.3400    , 0.30785E-06,
"CAS77804-81-0",  4.2400    , 0.35007E-06,
"CAS83261-15-8",  2.0900    , 0.52027E-06,
"CAS85702-79-0",  3.3400    , 0.30785E-06,
"CAS90268-24-9",  7.8300    , 0.12940E-06,
"CAS95962-14-4",  4.2000    , 0.35007E-06,
"CAS104468-21-5",  3.1200    , 0.35007E-05,
"CAS119313-12-1",  4.1200    , 0.35007E-06,
"CAS124655-09-0",  1.7000    , 0.35007E-05,
"CAS136210-30-5",  5.1600    , 0.25070E-06,
"CAS146421-65-0",  3.1500    , 0.35007E-06,
"CAS161462-35-7",  3.5000    , 0.11326E-05,
"CAS174489-76-0",  3.2600    , 0.11326E-05,
"CAS319002-92-1",  2.8600    , 0.12940E-06,
"CAS1238449-42-7",  8.2800    , 0.11326E-05,
"CAS134523-00-5",  4.4300    , 0.19361E-06,
"CAS26787-78-0", 0.45500    , 0.21429E-06,
"CAS50-24-8",  1.5550    , 0.13729E-06,
"CAS54910-89-3",  4.3100    , 0.22018E-06,
"CAS59277-89-3", -1.5050    , 0.18469E-06,
"CAS69-72-7",  2.1500    , 0.15918E-05,
"CAS83799-24-0",  4.9600    , 0.41163E-08,
"CAS98-92-0",-0.36250    , 0.23296E-06,
"CAS61-68-7",  5.0600    , 0.13008E-07,
"CAS89-57-6", 0.83750    , 0.35007E-05,
"CAS10004-44-1", 0.30000    , 0.34850E-06,
"CAS103055-07-8",  5.9682    , 0.24506E-07,
"CAS111991-09-4",-0.15000    , 0.12966E-06,
"CAS116-29-0",  5.1200    ,  0.0000    ,
"CAS122453-73-0",  4.9950    , 0.17823E-07,
"CAS13181-17-4",  3.6750    , 0.65358E-07,
"CAS13684-56-5",  3.4150    , 0.33281E-07,
"CAS14816-18-3",  4.1850    , 0.46058E-07,
"CAS161326-34-7",  3.1656    , 0.24506E-08,
"CAS175013-18-0",  4.0443    , 0.19840E-06,
"CAS1929-77-7",  3.5100    , 0.24733E-06,
"CAS22781-23-3",  1.8500    , 0.38827E-07,
"CAS24934-91-6",  3.0400    , 0.16941E-07,
"CAS298-02-2",  3.6600    , 0.11142E-07,
"CAS333-41-5",  3.8100    , 0.14329E-07,
"CAS36734-19-7",  2.9250    , 0.94523E-07,
"CAS50471-44-8",  3.1450    , 0.12226E-07,
"CAS55283-68-6",  5.0500    , 0.30104E-07,
"CAS57837-19-1",  1.8450    , 0.97987E-07,
"CAS66230-04-4",  6.2500    , 0.26101E-07,
"CAS70124-77-5",  6.1850    , 0.26016E-07,
"CAS74223-64-6",  1.6100    , 0.87860E-07,
"CAS82097-50-5",  1.8350    , 0.25848E-07,
"CAS85509-19-9",  4.0900    , 0.22446E-08,
"CAS94361-06-5",  2.9820    , 0.27201E-07,
"CAS71751-41-2",  4.9326    , 0.14737E-06,
"CAS51630-58-1",  6.2500    , 0.26101E-07,
"CAS120-36-5",  3.0450    , 0.11326E-05,
"CAS2764-72-9", -4.7100    , 0.11326E-05,
"CAS14214-32-5",  2.5286    , 0.11326E-05,
"CAS33820-53-0",  5.0700    , 0.35007E-06,
"CAS66332-96-5",  4.0649    , 0.11326E-05,
"CAS83121-18-0",  4.6750    , 0.35007E-06,
"CAS4719-04-4", -1.3200    , 0.71375E-06,
"CAS100-52-7",  1.6050    , 0.10975E-05,
"CAS102-08-9",  2.7750    , 0.52475E-08,
"CAS104-55-2",  1.8600    , 0.12230E-05,
"CAS105-75-9",  3.0400    , 0.11661E-05,
"CAS106-48-9",  2.3884    ,  0.0000    ,
"CAS108-44-1",  1.4800    , 0.49891E-06,
"CAS110-15-6",-0.57246    , 0.94051E-06,
"CAS111-42-2", -1.3475    , 0.49552E-06,
"CAS111-91-1",  1.3758    , 0.18228E-07,
"CAS112-42-5",  4.6400    , 0.36801E-05,
"CAS118-96-7",  1.7350    ,  0.0000    ,
"CAS120-83-2",  3.0417    ,  0.0000    ,
"CAS122-99-6",  1.1967    , 0.68922E-06,
"CAS126-33-0",-0.49000    ,  0.0000    ,
"CAS135-19-3",  2.7425    , 0.67473E-06,
"CAS141-05-9",  1.2845    , 0.11956E-05,
"CAS144-83-2", 0.50000    , 0.42772E-08,
"CAS1962-75-0",  4.6916    , 0.87870E-06,
"CAS25265-71-8",-0.60000    , 0.92347E-07,
"CAS294-62-2",  5.3650    , 0.72358E-08,
"CAS4083-64-1",  2.2300    , 0.62312E-07,
"CAS504-29-0", 0.52500    ,  0.0000    ,
"CAS5372-81-6",  2.2800    , 0.70870E-06,
"CAS591-27-5", 0.41000    , 0.39407E-08,
"CAS62-23-7",  1.8100    , 0.23296E-06,
"CAS636-30-6",  3.4125    ,  0.0000    ,
"CAS694-83-7",-0.19725    , 0.41649E-07,
"CAS768-94-5",  2.4350    , 0.16912E-06,
"CAS77-99-6",-0.84000    , 0.29659E-07,
"CAS79-08-3", 0.48380    , 0.35529E-06,
"CAS80-46-6",  3.6550    , 0.26169E-08,
"CAS84-74-2",  4.6500    , 0.88549E-06,
"CAS87-61-6",  3.9350    , 0.29420E-08,
"CAS89-63-4",  2.4800    ,  0.0000    ,
"CAS91-15-6",  1.0650    , 0.36960E-07,
"CAS928-96-1",  1.6100    , 0.45505E-06,
"CAS95-63-6",  3.6150    , 0.13883E-07,
"CAS96-29-7", 0.64000    , 0.27204E-06,
"CAS98-13-5",  4.7800    , 0.28659E-07,
"CAS98967-40-9",  1.6135    , 0.37287E-08,
"CAS56-41-7", -1.1945    , 0.11326E-05,
"CAS77-94-1",  3.2800    , 0.35007E-06,
"CAS79-74-3",  5.0767    , 0.34226E-08,
"CAS81-33-4",  3.3573    , 0.11326E-06,
"CAS88-51-7", 0.63000    , 0.11326E-05,
"CAS91-76-9",  1.3850    , 0.56102E-07,
"CAS94-04-2",  3.7300    , 0.35007E-05,
"CAS96-69-5",  7.0261    , 0.23153E-08,
"CAS98-29-3",  2.8161    , 0.11326E-04,
"CAS99-63-8",  2.1600    , 0.35007E-05,
"CAS101-39-3",  2.1524    , 0.39953E-06,
"CAS102-06-7",  2.7200    , 0.51758E-08,
"CAS103-49-1",  3.0200    , 0.39676E-06,
"CAS104-68-7",  1.1885    , 0.55443E-06,
"CAS106-23-0",  3.4550    , 0.41460E-06,
"CAS108-45-2",-0.12500    ,  0.0000    ,
"CAS110-44-1",  1.3850    , 0.89537E-06,
"CAS111-82-0",  5.4250    , 0.10028E-05,
"CAS112-38-9",  3.8500    , 0.76992E-06,
"CAS112-73-2",  2.4000    , 0.34580E-07,
"CAS116-75-6",  7.2500    , 0.11326E-05,
"CAS118-82-1",  9.0600    ,  0.0000    ,
"CAS121-60-8",  1.4400    , 0.11326E-05,
"CAS123-11-5",  1.7100    , 0.54799E-06,
"CAS124-26-5",  7.2700    , 0.58431E-06,
"CAS141-10-6",  3.8000    , 0.11326E-05,
"CAS143-24-8",-0.19004    , 0.81696E-06,
"CAS342-25-6",  3.0300    , 0.11326E-05,
"CAS515-84-4",  2.4100    , 0.17828E-06,
"CAS599-61-1",  1.2185    , 0.40786E-08,
"CAS618-88-2",  1.5600    , 0.35007E-05,
"CAS629-50-5",  7.3100    , 0.30987E-06,
"CAS687-47-8", 0.25526    , 0.35007E-05,
"CAS764-99-8", 0.80000    , 0.10155E-05,
"CAS873-32-5",  2.3266    ,  0.0000    ,
"CAS939-97-9",  3.6200    , 0.11326E-05,
"CAS1047-16-1",  3.8164    , 0.11326E-05,
"CAS1134-94-7",  3.0726    , 0.11326E-05,
"CAS1704-62-7",-0.70000    , 0.62676E-06,
"CAS1860-26-0",  9.3700    , 0.31836E-07,
"CAS2146-71-6",  5.7600    , 0.10419E-05,
"CAS2280-49-1",  5.1134    , 0.35007E-05,
"CAS2421-28-5",  1.8994    , 0.11326E-05,
"CAS2536-05-2",  4.6300    , 0.11326E-05,
"CAS2680-03-7",-0.90000E-01, 0.29691E-06,
"CAS2935-90-2", 0.87000    , 0.11461E-06,
"CAS3069-29-2",-0.42000    , 0.35007E-05,
"CAS3179-63-3",-0.28000    , 0.34580E-06,
"CAS3452-07-1",  9.5000    , 0.63520E-06,
"CAS3741-80-8",  6.2500    , 0.11326E-05,
"CAS4098-71-9",  4.4700    , 0.95506E-07,
"CAS4443-26-9",  1.8700    , 0.48769E-06,
"CAS4724-48-5",  1.7000    , 0.11326E-05,
"CAS5131-66-8",  1.0900    , 0.97361E-06,
"CAS5466-77-3",  5.1900    , 0.11326E-05,
"CAS6041-94-7",  6.9337    , 0.11326E-06,
"CAS6358-64-1",  1.8900    , 0.11326E-05,
"CAS6485-67-2",-0.80000E-01, 0.11326E-05,
"CAS6842-62-2",  5.2150    , 0.11326E-05,
"CAS7300-34-7",-0.20000    , 0.54949E-07,
"CAS7605-52-9",  3.0600    , 0.78652E-07,
"CAS10254-57-6",  7.0200    , 0.94605E-08,
"CAS13048-33-4",  2.6992    , 0.60869E-06,
"CAS13515-40-7",  3.5500    , 0.35007E-06,
"CAS14858-73-2",  6.5500    , 0.35007E-06,
"CAS15848-49-4",  2.2300    , 0.76043E-06,
"CAS17796-82-6",  2.6840    , 0.11326E-05,
"CAS18835-33-1",  11.962    , 0.63319E-06,
"CAS20749-68-2",  5.7900    , 0.14429E-07,
"CAS23779-32-0", 0.52000    , 0.11326E-05,
"CAS24650-42-8",  3.4600    , 0.11326E-05,
"CAS427-720-1", -999.00    , -999.00    ,
"CAS28479-22-3",  3.5600    , 0.11326E-05,
"CAS31027-31-3",  3.6200    , 0.35007E-06,
"CAS34090-76-1",  1.3600    , 0.35007E-05,
"CAS35948-25-5",  2.7600    , 0.35007E-06,
"CAS38668-48-3",  1.9700    , 0.11326E-05,
"CAS43057-68-7",  3.2500    , 0.11326E-05,
"CAS53651-69-7", 0.66412    , 0.35007E-05,
"CAS56677-60-2",  7.0200    , 0.10697E-05,
"CAS58567-11-6",  5.1800    , 0.73601E-07,
"CAS61826-76-4",  2.3007    , 0.11326E-05,
"CAS66423-13-0",  6.4900    , 0.27057E-06,
"CAS68855-18-5",  3.0900    , 0.35033E-06,
"CAS72361-35-4",  17.880    , 0.28139E-06,
"CAS78521-39-8",  1.8214    , 0.35007E-05,
"CAS83524-75-8",  6.5564    , 0.11326E-06,
"CAS86261-90-7", 0.52000    , 0.35007E-05,
"CAS90474-13-8",  2.2600    , 0.35007E-05,
"CAS98377-35-6",  1.0100    , 0.11326E-05,
"CAS105812-81-5",  1.7600    , 0.11326E-05,
"CAS119462-56-5",  1.8700    , 0.11326E-05,
"CAS125971-96-2",  4.8320    , 0.35007E-06,
"CAS136239-66-2",  3.3645    , 0.11326E-05,
"CAS147315-50-2",  6.7717    , 0.35007E-06,
"CAS162208-27-7",  2.6000    , 0.11326E-05,
"CAS176969-34-9",  1.0200    , 0.11326E-05,
"CAS337906-36-2",-0.30000E-01, 0.11326E-05,
"CAS1315251-11-6",  4.2600    , 0.11326E-06,
"CAS137862-53-4",  3.8700    , 0.15597E-06,
"CAS29122-68-7", 0.21500    , 0.29036E-06,
"CAS50-28-2",  3.7800    , 0.94523E-07,
"CAS55-63-0",  1.9700    , 0.14586E-05,
"CAS59467-70-8",  3.6500    , 0.34276E-07,
"CAS70458-96-7", 0.25500    , 0.30217E-07,
"CAS83905-01-5",  3.2800    , 0.26358E-06,
"CAS99-66-1",  2.6725    , 0.16372E-05,
"CAS42200-33-9",  1.1950    , 0.36623E-07,
"CAS90-82-4",  1.1437    , 0.11326E-05,
"CAS101-05-3",  3.6750    ,  0.0000    ,
"CAS104040-78-0",  1.7468    , 0.14381E-07,
"CAS112281-77-3",  3.7950    ,  0.0000    ,
"CAS118134-30-8",  4.7250    , 0.31156E-07,
"CAS122931-48-0", 0.54804    , 0.13637E-07,
"CAS131860-33-8",  3.0914    , 0.10436E-06,
"CAS13684-63-4",  3.3600    , 0.33143E-07,
"CAS148-79-8",  2.3800    , 0.72098E-08,
"CAS163515-14-8",  2.4850    , 0.12366E-06,
"CAS17804-35-2",  1.9786    , 0.71432E-07,
"CAS19666-30-9",  4.6700    , 0.51998E-08,
"CAS2303-17-5",  4.5850    , 0.29935E-06,
"CAS25311-71-1",  4.2000    , 0.23296E-06,
"CAS298-04-4",  3.8400    , 0.99491E-08,
"CAS3347-22-6",  2.6500    , 0.11267E-07,
"CAS3878-19-1",  2.5200    , 0.34915E-08,
"CAS50563-36-5",  2.4800    , 0.77654E-07,
"CAS55285-14-8",  5.3000    , 0.57523E-08,
"CAS57966-95-7", 0.70000    , 0.43178E-06,
"CAS66246-88-6",  3.9400    , 0.11996E-06,
"CAS709-98-8",  3.1250    , 0.10302E-06,
"CAS759-94-4",  3.1450    , 0.25520E-06,
"CAS82558-50-7",  3.8200    , 0.22639E-06,
"CAS86479-06-3",  5.6033    , 0.26101E-07,
"CAS944-22-9",  3.9550    , 0.10247E-07,
"CAS25057-89-0",  1.8600    , 0.18469E-06,
"CAS70630-17-0",  1.8450    , 0.97987E-07,
"CAS122-42-9",  2.6550    , 0.35007E-06,
"CAS2797-51-5",  1.6350    , 0.11326E-05,
"CAS15165-67-0",  3.0450    , 0.11326E-05,
"CAS42576-02-3",  4.4150    , 0.11326E-05,
"CAS66841-25-6",  7.4300    , 0.11326E-05,
"CAS91465-08-6",  6.3300    , 0.11326E-05,
"CAS100-00-5",  2.4600    ,  0.0000    ,
"CAS100-54-9", 0.51500    , 0.55004E-08,
"CAS102-69-2",  2.9500    , 0.71432E-07,
"CAS104-75-6",  2.7650    , 0.22018E-06,
"CAS105-76-0",  3.0400    , 0.11661E-05,
"CAS106-49-0",  1.4800    , 0.43155E-06,
"CAS108-46-3", 0.89000    , 0.51366E-07,
"CAS110-16-7",-0.15000E-01, 0.47471E-05,
"CAS111-44-4",  1.5259    , 0.16625E-07,
"CAS111-92-2",  2.6600    , 0.49985E-06,
"CAS112-49-2",-0.24500    , 0.91686E-06,
"CAS119-61-9",  3.1193    , 0.25177E-08,
"CAS120-93-4",-0.74000    , 0.36885E-06,
"CAS123-30-8", 0.26500    , 0.51526E-06,
"CAS126-71-6",  3.6900    , 0.26272E-07,
"CAS135590-91-9",  4.0104    , 0.88282E-07,
"CAS141-97-9", 0.33500    , 0.10769E-05,
"CAS14901-07-6",  3.8150    , 0.62800E-07,
"CAS2135-17-3",  1.6750    , 0.10573E-06,
"CAS25322-69-4", 0.50000    , 0.17656E-06,
"CAS29761-21-5",  6.4151    , 0.15518E-07,
"CAS41198-08-7",  4.6400    , 0.39244E-08,
"CAS504-63-2", -1.0000    , 0.42673E-05,
"CAS541-73-1",  3.2750    , 0.23184E-08,
"CAS59-50-7",  2.8250    , 0.36733E-08,
"CAS622-40-2",-0.64000    , 0.39207E-07,
"CAS6440-58-0", -1.3800    , 0.15597E-06,
"CAS706-14-9",  2.7150    , 0.47953E-06,
"CAS77-09-8",  3.0800    , 0.11482E-06,
"CAS780-69-8",  2.7650    , 0.25520E-06,
"CAS79-11-8", 0.22546    , 0.69100E-06,
"CAS80-56-8",  4.2050    , 0.96804E-07,
"CAS84852-15-3",  5.3663    , 0.99491E-08,
"CAS87-62-7",  1.8625    , 0.44278E-07,
"CAS89-72-5",  3.2975    , 0.33143E-07,
"CAS91-17-8",  4.1650    , 0.58022E-08,
"CAS93-04-9",  3.4100    , 0.10747E-07,
"CAS95-68-1",  1.8800    , 0.27607E-06,
"CAS96-31-1",-0.63500    , 0.72033E-08,
"CAS98-16-8",  2.2383    , 0.20933E-07,
"CAS99-08-1",  2.3867    , 0.39484E-08,
"CAS56-84-8", -1.7760    , 0.40518E-06,
"CAS78-08-0",  1.7950    , 0.11326E-05,
"CAS79-81-2",  13.750    , 0.11326E-05,
"CAS83-73-8",  3.8900    , 0.35007E-06,
"CAS88-60-8",  3.6500    , 0.65118E-08,
"CAS91-97-4",  4.7700    , 0.11326E-05,
"CAS94-13-3",  2.9000    , 0.66083E-06,
"CAS96-76-4",  4.7972    ,  0.0000    ,
"CAS98-37-3", -1.6579    , 0.35007E-05,
"CAS99-75-2",  2.6900    , 0.11326E-05,
"CAS101-41-7",  1.9750    , 0.11326E-05,
"CAS102-09-0",  3.2800    , 0.35007E-06,
"CAS103-50-4",  3.4350    , 0.69761E-07,
"CAS104-93-8",  2.6533    , 0.58601E-06,
"CAS106-26-3",  3.1100    , 0.58092E-06,
"CAS108-77-0",  1.7300    , 0.11326E-06,
"CAS110-63-4",-0.82000    , 0.10432E-05,
"CAS111-85-3",  4.7100    , 0.50047E-06,
"CAS112-40-3",  6.6450    , 0.30987E-06,
"CAS112-75-4",  6.6850    , 0.13152E-06,
"CAS117-08-8",  3.9212    , 0.30738E-07,
"CAS118-92-3",  1.2850    , 0.11326E-05,
"CAS121-91-5",  1.5750    , 0.68922E-06,
"CAS123-17-1",  3.8495    , 0.11477E-07,
"CAS124-28-7",  8.4150    , 0.14586E-06,
"CAS141-17-3",  3.2800    , 0.68686E-06,
"CAS143-28-2",  7.4700    , 0.78498E-06,
"CAS345-92-6",  3.4878    , 0.11326E-05,
"CAS534-03-2", -1.5300    , 0.37771E-06,
"CAS599-64-4",  4.1450    , 0.26742E-06,
"CAS621-29-4",  2.8200    , 0.11326E-05,
"CAS629-59-4",  7.7550    , 0.30987E-06,
"CAS688-84-6",  4.5650    , 0.39953E-06,
"CAS770-35-4",  1.5650    , 0.36583E-06,
"CAS901-44-0",  2.9900    , 0.16045E-06,
"CAS941-69-5", 0.93325    , 0.12574E-07,
"CAS1071-22-3",  3.8400    , 0.35007E-06,
"CAS1189-08-8",  2.5200    , 0.35007E-05,
"CAS1709-70-2",  17.170    ,  0.0000    ,
"CAS1879-09-0",  4.0570    , 0.35815E-08,
"CAS2162-73-4",  6.5000    , 0.35007E-06,
"CAS2362-14-3",  5.3759    , 0.11326E-05,
"CAS2425-77-6",  6.8650    , 0.29141E-06,
"CAS2550-02-9",  2.0300    , 0.30975E-06,
"CAS2687-91-4", 0.45000E-01, 0.45817E-06,
"CAS2942-59-8", 0.99000    , 0.11326E-05,
"CAS3069-40-7",  3.6800    , 0.26742E-06,
"CAS3179-76-8", 0.69000    , 0.15137E-06,
"CAS3508-98-3",  3.3900    , 0.35007E-06,
"CAS3749-87-9",  4.6900    , 0.11326E-05,
"CAS4223-03-4",  2.3000    , 0.11326E-05,
"CAS4457-71-0",-0.24000    , 0.75188E-06,
"CAS4813-57-4",  8.6050    , 0.56737E-06,
"CAS5208-93-5",  4.8900    , 0.74977E-07,
"CAS5468-75-7",  7.0800    , 0.17828E-06,
"CAS6166-86-5",  2.7300    , 0.35007E-08,
"CAS6358-85-6",  6.4416    , 0.17440E-06,
"CAS6486-23-3",  4.1200    , 0.35007E-06,
"CAS6843-66-9",  3.6100    , 0.11326E-05,
"CAS7305-71-7", 0.84000    , 0.35007E-06,
"CAS7651-02-7",  7.8200    , 0.36105E-06,
"CAS10411-92-4",  4.1900    , 0.27856E-06,
"CAS13076-17-0",-0.46000    , 0.35007E-05,
"CAS13749-61-6",  1.1100    , 0.11326E-05,
"CAS15214-89-8", -1.9000    , 0.35007E-05,
"CAS15894-70-9",-0.37000    , 0.35007E-06,
"CAS17832-28-9", 0.38000    , 0.12594E-05,
"CAS18835-34-2",  12.833    , 0.63269E-06,
"CAS21282-97-3", 0.77000    , 0.71438E-06,
"CAS23783-42-8",-0.79500    , 0.63219E-06,
"CAS24800-44-0",-0.24000    , 0.46080E-06,
"CAS26399-02-0",  10.046    , 0.65013E-06,
"CAS28535-81-1",  4.6900    , 0.35007E-06,
"CAS31335-74-7",  7.4650    , 0.56978E-06,
"CAS34206-40-1",  4.6500    , 0.35007E-06,
"CAS36177-92-1",  2.8600    , 0.11974E-06,
"CAS38888-98-1",  4.3900    , 0.11326E-05,
"CAS48145-04-6",  2.7100    , 0.32665E-06,
"CAS54423-67-5",  3.5800    , 0.34610E-06,
"CAS56706-10-6",  3.9300    , 0.36483E-06,
"CAS58670-89-6",  10.590    , 0.35079E-06,
"CAS61847-48-1",  8.0800    , 0.35007E-06,
"CAS66492-51-1",  1.2200    , 0.10028E-06,
"CAS69045-84-7",  3.0600    , 0.35007E-06,
"CAS72576-80-8",  14.685    , 0.10556E-05,
"CAS78531-61-0",  4.9900    , 0.11326E-05,
"CAS83926-73-2",  3.2800    , 0.28248E-07,
"CAS86960-46-5",  5.5650    , 0.95280E-06,
"CAS90498-90-1",  8.7400    , 0.16644E-07,
"CAS98730-04-2",  2.6500    , 0.35007E-06,
"CAS105827-91-6",  2.2600    , 0.35007E-06,
"CAS119851-28-4",  4.9900    , 0.11326E-05,
"CAS126586-91-2",  2.2100    , 0.11326E-05,
"CAS136465-81-1",  2.3500    , 0.35007E-06,
"CAS147504-92-5",  4.6600    , 0.22285E-06,
"CAS164578-11-4",  4.3100    , 0.11326E-05,
"CAS181587-01-9",  3.4850    , 0.11326E-06,
"CAS369634-22-0",  2.4258    , 0.35007E-05,
"CAS1364731-90-7",  3.5400    , 0.11326E-05,
